label,persona,mano,x0,y0,z0,x1,y1,z1,x2,y2,z2,x3,y3,z3,x4,y4,z4,x5,y5,z5,x6,y6,z6,x7,y7,z7,x8,y8,z8,x9,y9,z9,x10,y10,z10,x11,y11,z11,x12,y12,z12,x13,y13,z13,x14,y14,z14,x15,y15,z15,x16,y16,z16,x17,y17,z17,x18,y18,z18,x19,y19,z19,x20,y20,z20
C,Alejandro,Right,0.0,0.0,0.0,0.17125213,-0.042345833,-0.030486366,0.33523014,-0.15684408,-0.06128632,0.47731057,-0.19538008,-0.10037386,0.6007326,-0.23277788,-0.1411287,0.25358233,-0.5217418,-0.008823331,0.34180182,-0.71172714,-0.06834701,0.43297943,-0.78288174,-0.120402366,0.525116,-0.82430893,-0.15541469,0.19533992,-0.54861414,-0.038552146,0.29071996,-0.7666963,-0.09099484,0.39962912,-0.83845234,-0.13456875,0.50672245,-0.86210924,-0.16450612,0.13056822,-0.53933597,-0.07897519,0.2261038,-0.7682992,-0.13499525,0.34168145,-0.8444943,-0.16727751,0.45196754,-0.8704666,-0.18481106,0.06550995,-0.49934962,-0.1243521,0.14520007,-0.68422514,-0.1768194,0.23953024,-0.76331675,-0.1997641,0.33467737,-0.79771304,-0.21147367
C,Alejandro,Right,0.0,0.0,0.0,0.17256096,-0.04342252,-0.04072657,0.34303668,-0.1446197,-0.08139308,0.48727217,-0.17401205,-0.12796728,0.6123266,-0.2093967,-0.178135,0.26295367,-0.5188001,-0.031907298,0.36305287,-0.70439696,-0.09770213,0.4542493,-0.76814747,-0.15416637,0.54504645,-0.8070989,-0.1925411,0.1975429,-0.549283,-0.05870405,0.30954784,-0.7571563,-0.117074095,0.41615313,-0.82845086,-0.1659864,0.5196816,-0.85436004,-0.20079437,0.12192467,-0.542761,-0.09584586,0.23483461,-0.76095426,-0.1533726,0.34435508,-0.8381224,-0.18980472,0.44905153,-0.87365866,-0.21262781,0.042863637,-0.5032175,-0.13843767,0.13344517,-0.68073934,-0.19281864,0.22883134,-0.76092666,-0.21956877,0.32609403,-0.80455214,-0.23535405
C,Alejandro,Right,0.0,0.0,0.0,0.16969997,-0.038481597,-0.03746086,0.34103057,-0.14532897,-0.072081834,0.48512638,-0.17473169,-0.112860456,0.6096787,-0.20398024,-0.15604919,0.2729972,-0.52114755,-0.02333149,0.3684111,-0.70500964,-0.08663024,0.45713443,-0.7711288,-0.14115104,0.54895926,-0.81202257,-0.17852077,0.20974524,-0.54947233,-0.050548874,0.3123211,-0.7596518,-0.104249924,0.41460052,-0.8282812,-0.14862177,0.5206861,-0.8537482,-0.18110485,0.13792814,-0.53988814,-0.088535674,0.23677622,-0.76251966,-0.14460601,0.34219685,-0.8395903,-0.17713127,0.4485095,-0.8688191,-0.19705902,0.062555924,-0.49921277,-0.13217191,0.14197792,-0.6813019,-0.18560483,0.233358,-0.76322705,-0.21034673,0.32940942,-0.8021205,-0.22489919
C,Alejandro,Right,0.0,0.0,0.0,0.172885,-0.039446995,-0.036384642,0.3439593,-0.13939625,-0.07100102,0.48949915,-0.16580716,-0.11214908,0.6144885,-0.19757736,-0.1555848,0.27639872,-0.5151459,-0.020197947,0.37203068,-0.6986271,-0.08392175,0.4613579,-0.76460737,-0.13834594,0.55359054,-0.8052692,-0.17477478,0.21444136,-0.54597783,-0.04722648,0.3146924,-0.75790113,-0.100472234,0.41579935,-0.8282981,-0.14391816,0.5189143,-0.8548263,-0.17484358,0.14288609,-0.53813905,-0.08514667,0.23768167,-0.76061887,-0.14081934,0.34182584,-0.8395195,-0.17182624,0.44568852,-0.8697056,-0.18967383,0.06762608,-0.49868566,-0.12859853,0.14386065,-0.68022245,-0.18033448,0.2331561,-0.76267815,-0.20285603,0.32636374,-0.8016359,-0.21508168
C,Alejandro,Right,0.0,0.0,0.0,0.17264162,-0.038645748,-0.034703452,0.34612727,-0.14369565,-0.068755455,0.49299264,-0.17176527,-0.10971426,0.61755496,-0.19833311,-0.15355454,0.27761436,-0.51433945,-0.020618567,0.37226734,-0.6978585,-0.083323605,0.46134087,-0.7642365,-0.13708963,0.5528111,-0.8050265,-0.17367233,0.21631087,-0.54493946,-0.04894257,0.31972742,-0.7534003,-0.10211885,0.42205566,-0.8239433,-0.14574233,0.52543485,-0.85083383,-0.17714435,0.14505313,-0.5379171,-0.087861866,0.24469411,-0.75871116,-0.14283293,0.34935176,-0.83648956,-0.17462425,0.45254925,-0.86665577,-0.19362044,0.06952988,-0.49928176,-0.1322593,0.14861053,-0.68132657,-0.18460098,0.23958439,-0.7624343,-0.20869212,0.33423233,-0.80094457,-0.22233199
C,Alejandro,Right,0.0,0.0,0.0,0.17108183,-0.037479006,-0.033924747,0.34207898,-0.14078939,-0.067561455,0.48750338,-0.16830137,-0.10827856,0.6120359,-0.19526495,-0.15141003,0.27582636,-0.51974833,-0.016981918,0.36800054,-0.70438695,-0.07901862,0.45759815,-0.7691066,-0.13308302,0.54998475,-0.8069823,-0.16970158,0.21528228,-0.54792124,-0.04554002,0.31424442,-0.75875336,-0.097787715,0.41813046,-0.8285303,-0.1413444,0.5232207,-0.85219723,-0.17259644,0.14597,-0.53908294,-0.084805146,0.24097104,-0.76150775,-0.13834119,0.34851882,-0.83810884,-0.16949084,0.45490867,-0.86501825,-0.18799973,0.07253349,-0.49904025,-0.12965725,0.1462316,-0.6833447,-0.18021697,0.23644336,-0.76548135,-0.20307356,0.33097237,-0.8034795,-0.2158297
C,Alejandro,Right,0.0,0.0,0.0,0.17433658,-0.03427384,-0.036343347,0.3487618,-0.14129911,-0.07007487,0.49729484,-0.16839148,-0.11041532,0.6231503,-0.20128313,-0.1530585,0.28135887,-0.51394844,-0.021266423,0.37413833,-0.69845426,-0.084521286,0.4632273,-0.76478815,-0.13882117,0.55635434,-0.8047659,-0.1758387,0.21980171,-0.5450295,-0.048798997,0.31682596,-0.7574261,-0.1019996,0.41853195,-0.82707304,-0.14570732,0.5232893,-0.8521551,-0.17735146,0.1491682,-0.5371492,-0.08717487,0.24150576,-0.7595209,-0.14198929,0.34472305,-0.8356148,-0.1726926,0.44856724,-0.86354584,-0.19112025,0.0752603,-0.49788123,-0.13143261,0.14834087,-0.68041867,-0.18339843,0.23767959,-0.7631401,-0.20716059,0.3324235,-0.803247,-0.22087473
C,Alejandro,Right,0.0,0.0,0.0,0.1766763,-0.032038037,-0.035883337,0.35119784,-0.13397591,-0.0691986,0.49872118,-0.16166691,-0.10915679,0.62428725,-0.19180161,-0.1512877,0.28729892,-0.5109319,-0.018825088,0.38065544,-0.6978685,-0.081737496,0.46927816,-0.76372236,-0.13572545,0.56173027,-0.800872,-0.17214315,0.22317564,-0.542031,-0.045934606,0.3209049,-0.7606372,-0.10023427,0.42119208,-0.8301912,-0.14493844,0.5252711,-0.8509349,-0.17645532,0.15011078,-0.5344061,-0.08381346,0.24345066,-0.7643632,-0.14116476,0.34845886,-0.8407966,-0.17418015,0.4547356,-0.86362344,-0.1931244,0.07293837,-0.495707,-0.12697315,0.15144518,-0.67637676,-0.18162407,0.24306592,-0.7589134,-0.20728545,0.33909354,-0.7968032,-0.2216095
C,Alejandro,Right,0.0,0.0,0.0,0.17496778,-0.035818525,-0.04210741,0.3515421,-0.13439164,-0.07786835,0.49908957,-0.15481578,-0.11851664,0.6256944,-0.17629749,-0.16232745,0.3025921,-0.5026024,-0.029193219,0.40103242,-0.68717784,-0.0937305,0.48620072,-0.7519566,-0.14878333,0.5760469,-0.7927073,-0.18645708,0.23637737,-0.5364476,-0.05340357,0.34426877,-0.7438971,-0.10533835,0.4386515,-0.81249875,-0.14850308,0.53959525,-0.84192455,-0.18104562,0.15556717,-0.5327383,-0.088773005,0.26259348,-0.7506026,-0.14380623,0.35949585,-0.8299079,-0.17552815,0.4595759,-0.86428505,-0.19574971,0.06511149,-0.49905565,-0.12995115,0.14923146,-0.6758843,-0.18237026,0.23745666,-0.7557101,-0.20592405,0.33091083,-0.7947442,-0.22000498
C,Alejandro,Right,0.0,0.0,0.0,0.16931513,-0.034922548,-0.07915909,0.343484,-0.12497983,-0.13779926,0.49888638,-0.13980313,-0.19466928,0.63134414,-0.16525127,-0.2567516,0.2576861,-0.54792804,-0.089253075,0.3412994,-0.7522779,-0.17521366,0.42179155,-0.827036,-0.24557495,0.5144433,-0.8575244,-0.29161823,0.16679469,-0.5648877,-0.1032567,0.2400302,-0.78791326,-0.17013206,0.32752395,-0.8687152,-0.2280478,0.42892864,-0.88757896,-0.2709013,0.06466396,-0.5223047,-0.12909351,0.106633686,-0.746163,-0.19494756,0.1803503,-0.83251053,-0.24200979,0.2755028,-0.8666565,-0.27426058,-0.04161806,-0.43335894,-0.16269235,-0.04470837,-0.5939522,-0.2276989,-0.0088247,-0.6879443,-0.2620652,0.04488451,-0.7462291,-0.2833171
C,Alejandro,Right,0.0,0.0,0.0,0.18711077,0.013589647,-0.05123755,0.38111904,-0.042785414,-0.087878846,0.5426881,-0.010316786,-0.12883233,0.6832076,0.008517384,-0.17253283,0.37974405,-0.44571272,-0.009041477,0.517066,-0.5833478,-0.06784177,0.61888885,-0.6340417,-0.12519743,0.7152811,-0.66334426,-0.16529708,0.32295188,-0.50177276,-0.028630845,0.46692085,-0.660294,-0.08003838,0.578231,-0.70779616,-0.12986758,0.684635,-0.71897346,-0.16471595,0.24565063,-0.5255282,-0.061480567,0.38608795,-0.7034071,-0.116987236,0.5035614,-0.76477134,-0.1536347,0.61573595,-0.7879526,-0.17527997,0.15499747,-0.51748836,-0.10108496,0.26896632,-0.668845,-0.1523877,0.37010723,-0.7236554,-0.17291398,0.46973726,-0.74153584,-0.18342707
C,Alejandro,Right,0.0,0.0,0.0,0.18018031,-0.016113725,-0.029301526,0.36029816,-0.09272358,-0.054166943,0.51582754,-0.09567683,-0.089850105,0.6500214,-0.09326818,-0.12667795,0.32917297,-0.47996444,0.043433554,0.4425578,-0.62592715,-0.0035113925,0.54717594,-0.68488044,-0.058273144,0.646063,-0.721189,-0.09818966,0.28138116,-0.52133006,0.013286725,0.40929392,-0.68601185,-0.024701046,0.52694696,-0.7492442,-0.07430413,0.63983446,-0.7685128,-0.1118727,0.22619647,-0.53281343,-0.030652208,0.3555353,-0.70427746,-0.069234625,0.48034018,-0.76875585,-0.1019784,0.5974948,-0.78534496,-0.12396877,0.16716212,-0.5154512,-0.08190111,0.2724069,-0.66275656,-0.11403341,0.37115467,-0.73002696,-0.12917593,0.46918124,-0.7573791,-0.1394444
C,Alejandro,Right,0.0,0.0,0.0,0.17374152,-0.13436821,-0.000114398405,0.31724137,-0.28134102,-0.049380846,0.44364145,-0.34061775,-0.11587184,0.56968266,-0.37408394,-0.18789263,0.17237197,-0.62147266,-0.049385622,0.23492695,-0.8634176,-0.13743217,0.34958425,-0.89598584,-0.20566574,0.4565869,-0.88967884,-0.2514365,0.112816475,-0.6007019,-0.11047316,0.19447125,-0.88987845,-0.19622569,0.33843684,-0.9202666,-0.26023623,0.4536716,-0.89047116,-0.30361873,0.054198366,-0.54104245,-0.17520091,0.1376505,-0.82073385,-0.24824858,0.2893147,-0.8662377,-0.29014656,0.41399032,-0.8573845,-0.31701797,0.0092038,-0.44185066,-0.24114099,0.07657303,-0.635121,-0.29994786,0.18694437,-0.72514105,-0.32963836,0.29163986,-0.7732779,-0.35044828
C,Alejandro,Right,0.0,0.0,0.0,0.17069727,-0.06626357,-0.07214154,0.33109438,-0.17282245,-0.13345926,0.47956216,-0.2004401,-0.19498707,0.6111999,-0.23341085,-0.2625539,0.25527534,-0.5504035,-0.10143232,0.32311836,-0.77188754,-0.1925687,0.40098098,-0.84994215,-0.26626554,0.48941076,-0.8720534,-0.31364742,0.17032468,-0.5578734,-0.12278759,0.22136289,-0.80052555,-0.19389637,0.30772686,-0.8789104,-0.2553649,0.4057894,-0.8774091,-0.300669,0.07086445,-0.5001191,-0.15391387,0.097162254,-0.72413296,-0.22319135,0.17082158,-0.79737717,-0.2750252,0.26106837,-0.80800444,-0.31094503,-0.032279495,-0.39631408,-0.19128571,-0.048548657,-0.5380568,-0.2595962,-0.020721028,-0.61653966,-0.2954152,0.02304238,-0.6515646,-0.31750852
C,Alejandro,Right,0.0,0.0,0.0,0.18676819,0.015984885,-0.038535237,0.38393688,-0.06172316,-0.060679875,0.54139537,-0.06426018,-0.08861169,0.67157227,-0.07232789,-0.11794541,0.34759548,-0.45751458,0.015291545,0.45280698,-0.6140161,-0.03482966,0.5448992,-0.6929112,-0.08731113,0.63443774,-0.745589,-0.124564506,0.28653473,-0.50981593,-0.0063957344,0.40894756,-0.6779557,-0.048928935,0.51600045,-0.7444851,-0.09404534,0.63016874,-0.7764582,-0.12685509,0.21290153,-0.532372,-0.04087954,0.34539974,-0.69693244,-0.09029716,0.4580217,-0.7655874,-0.121367574,0.573005,-0.7997759,-0.13956577,0.13227807,-0.52892697,-0.08176212,0.2531709,-0.66508466,-0.12915608,0.35297146,-0.72814804,-0.14699711,0.45569125,-0.76167727,-0.15539922
C,Alejandro,Right,0.0,0.0,0.0,0.19922152,0.009156099,-0.011267202,0.37272653,-0.038586605,-0.018710865,0.52528304,-0.01463806,-0.04192593,0.6544034,-0.022224985,-0.06531525,0.3657502,-0.40113702,0.09668834,0.4752439,-0.522688,0.060134828,0.5671433,-0.5817582,0.008420094,0.65767056,-0.61961013,-0.030066233,0.32952452,-0.47252303,0.060174137,0.46296757,-0.6237836,0.0263389,0.5736916,-0.6946573,-0.026622208,0.6841357,-0.72935474,-0.06650183,0.27450743,-0.5203875,0.0073808734,0.4140232,-0.67538047,-0.03888362,0.5316782,-0.7304817,-0.083974436,0.63743824,-0.7408952,-0.11162787,0.20954372,-0.550979,-0.050447747,0.3356042,-0.67787683,-0.0944104,0.4362443,-0.7139303,-0.1184894,0.53554934,-0.7132876,-0.13275166
C,Alejandro,Left,0.0,0.0,0.0,-0.21706563,-0.052921724,0.022772217,-0.39793938,-0.15244226,0.005460721,-0.54215586,-0.15029515,-0.036075044,-0.65630305,-0.15354635,-0.07615362,-0.27773377,-0.5879317,0.09456626,-0.39026672,-0.7628218,0.049551185,-0.5100346,-0.79681253,-0.010250614,-0.62167597,-0.77527505,-0.053910863,-0.24054071,-0.60006225,0.033814676,-0.3889578,-0.81609374,-0.017589118,-0.52434343,-0.83517635,-0.07854214,-0.632625,-0.7744583,-0.11999095,-0.20938015,-0.57981884,-0.037938777,-0.34303525,-0.800586,-0.07310861,-0.4895616,-0.83113426,-0.11010875,-0.6071766,-0.7867818,-0.13459827,-0.19720832,-0.5290867,-0.1127937,-0.320133,-0.6956298,-0.13191769,-0.43750423,-0.7628018,-0.14932899,-0.54561657,-0.7822182,-0.16390353
C,Alejandro,Left,0.0,0.0,0.0,-0.21899192,-0.013779306,0.029268453,-0.38000804,-0.10311445,0.0124250725,-0.5215007,-0.114098385,-0.025720105,-0.6457043,-0.09445875,-0.06459597,-0.23112127,-0.5529889,0.066364504,-0.37726256,-0.7203654,0.03380434,-0.5069841,-0.75748044,-0.004164663,-0.6187613,-0.7547928,-0.03241037,-0.20012645,-0.58051246,0.010929587,-0.39132234,-0.80902535,-0.029203726,-0.54203004,-0.81854,-0.065279305,-0.64681554,-0.76264644,-0.08943473,-0.19813734,-0.54893076,-0.05082738,-0.37397078,-0.787555,-0.08321991,-0.53095716,-0.81039494,-0.105660416,-0.64100295,-0.7669084,-0.11929969,-0.24022993,-0.47610414,-0.11293012,-0.38444775,-0.6582617,-0.13405429,-0.5051014,-0.7194264,-0.14530607,-0.60510856,-0.73204374,-0.1544551
C,Alejandro,Left,0.0,0.0,0.0,-0.21355711,-0.0052903323,0.08180897,-0.34777087,-0.0901629,0.08849187,-0.46340415,-0.086041346,0.06650314,-0.5616973,-0.08880127,0.040206894,-0.25446835,-0.5278441,0.08525306,-0.41061828,-0.72273296,0.052527267,-0.54552853,-0.7376693,0.02116701,-0.6570942,-0.70516324,0.0021639997,-0.22824186,-0.5522177,0.006352376,-0.43154332,-0.78869545,-0.026630867,-0.58757067,-0.78546727,-0.052948937,-0.692021,-0.7218774,-0.07018898,-0.22968407,-0.5171998,-0.07462852,-0.42730427,-0.7628352,-0.10044665,-0.58148736,-0.7683037,-0.11668945,-0.6899875,-0.7163482,-0.12885916,-0.27359602,-0.4406555,-0.15075141,-0.4308082,-0.61951077,-0.17421697,-0.5486015,-0.66368735,-0.18631878,-0.6464269,-0.66434324,-0.19598284
C,Alejandro,Left,0.0,0.0,0.0,-0.18139485,0.0007624996,0.071891285,-0.3292401,-0.073878884,0.06353746,-0.44538876,-0.064937115,0.032157145,-0.53638285,-0.059346408,-0.0010167225,-0.2229229,-0.5077522,0.020575771,-0.4309763,-0.7262143,-0.03224136,-0.5798475,-0.7246912,-0.07188295,-0.696319,-0.6556637,-0.08692218,-0.21431096,-0.4927685,-0.045075677,-0.45689952,-0.7258856,-0.086504154,-0.6197892,-0.7058665,-0.117725104,-0.7257227,-0.6123738,-0.1344275,-0.23174916,-0.44526625,-0.10731461,-0.44796526,-0.729245,-0.1144535,-0.6130424,-0.74241996,-0.12263161,-0.72647345,-0.6871945,-0.1296878,-0.29313657,-0.3704568,-0.16403928,-0.46511894,-0.5699032,-0.15768659,-0.5855086,-0.624335,-0.15052901,-0.6817868,-0.63631684,-0.14467295
C,Alejandro,Left,0.0,0.0,0.0,-0.18578763,0.06426874,0.01987707,-0.3309793,0.021448547,-0.000326701,-0.46387053,0.03885541,-0.042600106,-0.5853838,0.065039076,-0.085111246,-0.26962855,-0.49767616,0.07298997,-0.42890307,-0.6647604,0.040954657,-0.56083333,-0.689892,0.00010214176,-0.6697053,-0.6704582,-0.028950078,-0.24553248,-0.54501843,0.018052047,-0.4365637,-0.7347806,-0.0069839125,-0.59592956,-0.74579954,-0.04308665,-0.71068513,-0.7035102,-0.072693,-0.23890348,-0.54309666,-0.046733905,-0.4213628,-0.75412977,-0.07176449,-0.57799816,-0.766022,-0.098428056,-0.69245297,-0.72105783,-0.119371794,-0.262712,-0.5020851,-0.11394866,-0.40946668,-0.68296564,-0.13307257,-0.5291981,-0.7251764,-0.14486939,-0.6318673,-0.71671206,-0.15571077
C,Alejandro,Left,0.0,0.0,0.0,-0.1849391,0.081357345,0.050817017,-0.3085577,0.02324746,0.05029278,-0.43180487,0.040981434,0.023919234,-0.54897404,0.061379075,-0.004019482,-0.22214164,-0.5354551,0.10882653,-0.38764614,-0.7075682,0.09930756,-0.5220538,-0.7329801,0.076571435,-0.62380385,-0.71765333,0.05924504,-0.20634525,-0.59005344,0.046152312,-0.41900316,-0.78716624,0.05016198,-0.57312506,-0.76499736,0.035892706,-0.6674487,-0.70432436,0.01997086,-0.22773285,-0.580666,-0.023981668,-0.4346194,-0.79740494,-0.02577246,-0.59078395,-0.7804421,-0.037919164,-0.69338095,-0.72057116,-0.05234999,-0.29949796,-0.5285337,-0.093979485,-0.45570537,-0.7142362,-0.09898924,-0.57319885,-0.744818,-0.10145687,-0.6671524,-0.72450185,-0.107044764
C,Alejandro,Right,0.0,0.0,0.0,0.17563418,-0.061668944,-0.035493087,0.34363285,-0.1931704,-0.07217199,0.4881468,-0.23503062,-0.11528699,0.6115777,-0.2775477,-0.16210698,0.2526088,-0.5539862,-0.03610537,0.32044134,-0.7622153,-0.10051518,0.3945177,-0.83743244,-0.15361913,0.4763564,-0.8792523,-0.19070756,0.1782233,-0.5665681,-0.06646284,0.24571623,-0.8124205,-0.12690024,0.3417456,-0.87682664,-0.17588982,0.44364867,-0.8827378,-0.21048923,0.097671,-0.5340733,-0.10540734,0.16730282,-0.77571934,-0.16910015,0.26682305,-0.83824337,-0.20560473,0.36872867,-0.8503187,-0.22745027,0.017886518,-0.4653901,-0.1487426,0.0820121,-0.65559596,-0.21189801,0.17119874,-0.7370597,-0.24232215,0.26572534,-0.777218,-0.2602334
C,Alejandro,Right,0.0,0.0,0.0,0.16924089,-0.069831714,-0.017957048,0.3375076,-0.18539104,-0.058281105,0.47435483,-0.2259294,-0.10885647,0.5960502,-0.2546911,-0.1635141,0.22647712,-0.5428724,-0.041619297,0.29578772,-0.7644714,-0.11540065,0.39082178,-0.8327864,-0.17045504,0.48628408,-0.8657787,-0.20637941,0.16825534,-0.54661113,-0.0845385,0.26262742,-0.8066442,-0.15210935,0.38598853,-0.8636674,-0.20007312,0.49441227,-0.8692275,-0.2325514,0.10659879,-0.5115034,-0.13420291,0.20778723,-0.75756454,-0.200182,0.33965173,-0.8183851,-0.23523203,0.4560956,-0.83648074,-0.25642607,0.048823927,-0.43977982,-0.18616448,0.12808354,-0.6188266,-0.24528186,0.23023675,-0.6971642,-0.2712624,0.32786083,-0.7389202,-0.28693894
C,Alejandro,Right,0.0,0.0,0.0,0.19072054,-0.116429076,0.03787703,0.34117725,-0.23233964,0.01627969,0.46732163,-0.27378902,-0.029053183,0.5872199,-0.30605254,-0.07919325,0.18622285,-0.6015843,0.030717483,0.27278373,-0.78851384,-0.023678595,0.37976882,-0.8473231,-0.07041038,0.47749156,-0.8688645,-0.10370823,0.13470487,-0.6052515,-0.041086894,0.2724934,-0.82573783,-0.09238341,0.411303,-0.8686049,-0.13262893,0.5215194,-0.8532394,-0.16064157,0.09264257,-0.56410444,-0.11707605,0.23858792,-0.77111435,-0.16593641,0.37995282,-0.82092595,-0.18936478,0.4958666,-0.82712984,-0.20561273,0.06944685,-0.47964203,-0.19250686,0.18097173,-0.63496727,-0.23795314,0.288599,-0.69992405,-0.25241673,0.38470393,-0.73100686,-0.26075593
C,Alejandro,Right,0.0,0.0,0.0,0.1922864,-0.09478139,0.017286502,0.3317205,-0.21486543,-0.013840163,0.46061942,-0.25964957,-0.06186163,0.58164734,-0.27657518,-0.10970644,0.13563362,-0.643234,0.007564343,0.270607,-0.81308264,-0.050558742,0.40069667,-0.8408703,-0.10357123,0.50688636,-0.83221495,-0.13987195,0.09552027,-0.6401798,-0.046417724,0.27659395,-0.842732,-0.098276354,0.4274237,-0.8660876,-0.13934037,0.54075015,-0.8411833,-0.16621146,0.08178949,-0.5918583,-0.10308939,0.25443873,-0.78339547,-0.1422153,0.4016528,-0.8239547,-0.15929972,0.5154789,-0.82493603,-0.17050356,0.09610022,-0.49964282,-0.1616203,0.22546984,-0.6400035,-0.18666016,0.32363275,-0.70641154,-0.18813676,0.40744227,-0.7429996,-0.18793593
C,Alejandro,Right,0.0,0.0,0.0,0.18865778,-0.070357434,0.025528092,0.32672524,-0.17654903,0.0005555034,0.45103252,-0.2037285,-0.04436746,0.5705342,-0.2165177,-0.08754078,0.1670234,-0.6004329,0.035840493,0.3144306,-0.77513355,-0.010049415,0.43956557,-0.810766,-0.053727016,0.5401005,-0.811411,-0.08268993,0.13637581,-0.6059983,-0.01918602,0.32576033,-0.79857516,-0.058826372,0.47484392,-0.82862747,-0.09151629,0.58939195,-0.8078472,-0.11196703,0.13547903,-0.5681972,-0.07815422,0.31601313,-0.7658224,-0.10428023,0.46179587,-0.8125783,-0.11121852,0.5767991,-0.81636834,-0.11569195,0.167768,-0.49153286,-0.13949588,0.30542096,-0.6419986,-0.14987658,0.40403566,-0.7098383,-0.14083296,0.4880537,-0.74714357,-0.13335423
C,Alejandro,Right,0.0,0.0,0.0,0.20421037,-0.056775585,0.06160634,0.3433421,-0.18260531,0.07180185,0.4471236,-0.21514226,0.05765307,0.5466458,-0.22446094,0.045683395,0.18119608,-0.58311814,0.0981203,0.34442303,-0.73744327,0.0790728,0.4692661,-0.7724295,0.052701984,0.5700508,-0.76982164,0.035755105,0.16641173,-0.5869157,0.03704172,0.36072266,-0.751372,0.019882707,0.50380117,-0.7818527,-0.00061061693,0.61420506,-0.7543209,-0.008576708,0.18409179,-0.547666,-0.025936699,0.35811952,-0.7347666,-0.031768825,0.4996783,-0.7883211,-0.024711378,0.609314,-0.792929,-0.016703298,0.23697636,-0.4727595,-0.089283034,0.36756974,-0.6295519,-0.08885521,0.4626399,-0.69969064,-0.07185674,0.5436366,-0.731803,-0.054696284
C,Alejandro,Right,0.0,0.0,0.0,0.20217112,-0.038280778,0.04910292,0.34194508,-0.16740836,0.04998368,0.45015225,-0.20396097,0.025829606,0.5519227,-0.20543577,0.004866285,0.18886071,-0.5846669,0.079989895,0.3643443,-0.764191,0.045117225,0.5040412,-0.772219,0.01035103,0.6077832,-0.7425337,-0.008690085,0.18036604,-0.58373356,0.021470947,0.3869783,-0.7976652,-0.008438655,0.5452851,-0.7966565,-0.0342774,0.6536237,-0.73746634,-0.04375372,0.20696376,-0.5431244,-0.04004205,0.3876154,-0.7679425,-0.054678038,0.54442036,-0.792211,-0.052058708,0.65473187,-0.7558612,-0.044947073,0.27150163,-0.4625374,-0.10301075,0.41195053,-0.6392354,-0.102233246,0.5203366,-0.6924383,-0.0841874,0.60559714,-0.69693434,-0.06646355
C,Alejandro,Right,0.0,0.0,0.0,0.18294321,-0.039697,0.058899112,0.3096363,-0.15886675,0.06893399,0.41771215,-0.2091277,0.05509056,0.52209425,-0.21729638,0.042859692,0.16836756,-0.58481723,0.094036534,0.34306777,-0.74702644,0.081598386,0.47712106,-0.7707019,0.05954799,0.5773109,-0.7597386,0.04331185,0.16920556,-0.5934077,0.038141154,0.3731444,-0.79115576,0.030598048,0.5181534,-0.7974452,0.013339773,0.6236562,-0.75748277,0.0008574247,0.20524707,-0.5558877,-0.019164646,0.3929521,-0.7599186,-0.018176086,0.5363906,-0.78787,-0.0191304,0.63984936,-0.7685003,-0.023512695,0.276,-0.47802025,-0.076210156,0.4202009,-0.6437461,-0.06796192,0.5186855,-0.69860715,-0.05494788,0.59795046,-0.71551543,-0.04752973
C,Alejandro,Right,0.0,0.0,0.0,0.16670603,-0.02718259,0.055543642,0.30506334,-0.10458291,0.063858256,0.43326986,-0.12290827,0.045876715,0.53803325,-0.11112848,0.02980851,0.15910925,-0.5950876,0.119049795,0.32509053,-0.749428,0.1148125,0.46579787,-0.77725595,0.092976645,0.5693727,-0.7685367,0.075173214,0.17783764,-0.6164894,0.063830145,0.36552155,-0.79666656,0.070133224,0.508052,-0.80113196,0.0516013,0.612874,-0.76986456,0.033328574,0.22931042,-0.5920729,0.0052886303,0.40528646,-0.7778358,0.013304547,0.54559445,-0.7932191,0.007858388,0.6459563,-0.7633744,-0.0014951241,0.3100529,-0.5272321,-0.054237064,0.44186386,-0.6855732,-0.039927226,0.53957516,-0.7294976,-0.025778698,0.619878,-0.7352971,-0.019129507
C,Alejandro,Right,0.0,0.0,0.0,0.21449935,-0.02863788,0.09975083,0.34261417,-0.12072939,0.13661252,0.4626494,-0.1381705,0.13781673,0.5751531,-0.13326031,0.13775556,0.1739671,-0.5616827,0.19665049,0.3252297,-0.7090052,0.21480957,0.46166217,-0.7539914,0.20103909,0.56746584,-0.76390016,0.18716764,0.15726002,-0.59193397,0.12142228,0.34309033,-0.7678936,0.14206113,0.49847063,-0.8000297,0.12548333,0.6138764,-0.7780841,0.11026892,0.17665507,-0.5741394,0.043013964,0.35605407,-0.7647493,0.059529863,0.5110902,-0.7987165,0.053512618,0.6224804,-0.7826354,0.0456399,0.23584294,-0.5191148,-0.033278506,0.38220507,-0.6886393,-0.017821552,0.4933167,-0.7348087,-0.0042496803,0.5832278,-0.7379871,0.0036663893
C,Alejandro,Right,0.0,0.0,0.0,0.222869,-0.01318169,0.08970047,0.34877405,-0.095498264,0.11659814,0.46156114,-0.11266365,0.11047952,0.57295555,-0.11756001,0.10318323,0.19451608,-0.5471844,0.16343749,0.35582778,-0.68859565,0.16778564,0.4893633,-0.7285246,0.14669831,0.5943232,-0.7404708,0.12709375,0.17703387,-0.579265,0.0881264,0.38343725,-0.74326575,0.09183476,0.5445098,-0.7696135,0.06777287,0.66312164,-0.7440294,0.047360152,0.19560272,-0.55990136,0.010111913,0.3929419,-0.7358641,0.013058629,0.5504365,-0.7637425,0.0018340854,0.6631222,-0.7485112,-0.009636401,0.25096968,-0.5017544,-0.06576762,0.40262568,-0.6581634,-0.059810527,0.51251197,-0.70206845,-0.050563388,0.6019573,-0.7083411,-0.04618705
C,Alejandro,Right,0.0,0.0,0.0,0.24151818,0.0013912732,0.074291036,0.38035047,-0.08907138,0.09372201,0.48439124,-0.12787366,0.083153665,0.5710706,-0.18731557,0.073988795,0.2168903,-0.5669558,0.13957722,0.4107706,-0.6816742,0.12970863,0.5588896,-0.68528175,0.09772553,0.66638505,-0.6630249,0.0728159,0.20745178,-0.587277,0.07118428,0.4423976,-0.72176117,0.0622392,0.6100901,-0.7118517,0.029084254,0.730273,-0.66483724,0.0025909084,0.23537964,-0.55756134,-0.00016867806,0.4630622,-0.70525074,-0.0054372814,0.6289274,-0.70704466,-0.020390088,0.7421072,-0.6702812,-0.0344556,0.30126482,-0.48565587,-0.07059221,0.47578526,-0.6194745,-0.06885,0.59422326,-0.655323,-0.061456077,0.6862574,-0.65332365,-0.058552153
C,Alejandro,Right,0.0,0.0,0.0,0.25933406,-0.013084503,0.086058766,0.4029205,-0.120572925,0.12209727,0.5024501,-0.17698401,0.12344739,0.5680256,-0.26585415,0.12621416,0.23938233,-0.57679844,0.18865094,0.43229267,-0.67958397,0.18549995,0.59055,-0.67628187,0.15010484,0.7052292,-0.6430458,0.12201073,0.22219084,-0.62010473,0.116604544,0.45850194,-0.76084703,0.11234568,0.6301672,-0.7286993,0.07319429,0.74602425,-0.65119815,0.042478178,0.24208033,-0.6108193,0.03940511,0.4749399,-0.77738225,0.037221275,0.6441715,-0.7433931,0.014509961,0.75089943,-0.66041654,-0.0046327906,0.3012419,-0.55691034,-0.036794104,0.4820742,-0.7051924,-0.033890694,0.60704714,-0.703135,-0.031136854,0.696084,-0.6488603,-0.03189726
C,Alejandro,Right,0.0,0.0,0.0,0.25280505,-0.0013511615,0.060808834,0.38325378,-0.12200053,0.07886206,0.46491382,-0.1827588,0.07089066,0.50820875,-0.24436334,0.06358496,0.21309401,-0.60830754,0.10073497,0.42286193,-0.72098196,0.077339165,0.5846088,-0.7165421,0.037498284,0.7034825,-0.6767793,0.008255536,0.19451913,-0.628167,0.039304007,0.44103086,-0.76632905,0.018424215,0.62019736,-0.73651546,-0.016749138,0.7443607,-0.6667152,-0.043385852,0.21736495,-0.5966427,-0.024147036,0.4562312,-0.76396215,-0.040533353,0.62904155,-0.7396193,-0.0588228,0.73982793,-0.67279613,-0.072498016,0.2797254,-0.52566767,-0.08713814,0.45546836,-0.6905116,-0.095488094,0.57621694,-0.7033529,-0.09299382,0.6642463,-0.6696923,-0.09174427
C,Alejandro,Right,0.0,0.0,0.0,0.23961763,-0.051382683,0.08988674,0.38652316,-0.20768909,0.11769635,0.5258364,-0.2783426,0.10887974,0.6543003,-0.31190535,0.10049835,0.15670374,-0.6839094,0.16300002,0.3613958,-0.8502889,0.15784504,0.5283893,-0.80756056,0.12969887,0.63360614,-0.7155466,0.110341765,0.15721105,-0.7106547,0.08940073,0.39321786,-0.89291525,0.09258592,0.56983113,-0.82556224,0.067374855,0.6693447,-0.7026168,0.04927349,0.2024774,-0.6824912,0.01459919,0.41647562,-0.89474136,0.019851271,0.590406,-0.8421895,0.020057656,0.68444043,-0.72906876,0.019903367,0.29018742,-0.61378694,-0.058756005,0.45903787,-0.80745125,-0.04963314,0.5827457,-0.7959939,-0.02741401,0.6605812,-0.720165,-0.00958134
C,Alejandro,Right,0.0,0.0,0.0,0.24595515,-0.059794813,0.10707085,0.38257176,-0.19290249,0.14667101,0.51018274,-0.2598981,0.14804137,0.63582814,-0.29814973,0.1472914,0.16280936,-0.61075526,0.19658044,0.350688,-0.7531937,0.20814334,0.5085483,-0.76303285,0.18672647,0.6259607,-0.73509234,0.16629884,0.15156586,-0.6419717,0.11628194,0.3751229,-0.8153838,0.12527695,0.5483425,-0.7990074,0.09559911,0.6684872,-0.7236007,0.07113187,0.17886083,-0.6214589,0.034964528,0.38808393,-0.8242446,0.04328264,0.5601951,-0.80936253,0.030824782,0.67355824,-0.7391342,0.0178639,0.2478392,-0.5680446,-0.0428509,0.41142115,-0.7566651,-0.034814093,0.53448284,-0.76716816,-0.024714295,0.62815964,-0.72634155,-0.019129429
C,Alejandro,Right,0.0,0.0,0.0,0.23447895,-0.08215821,0.049481645,0.38802359,-0.2182518,0.05032439,0.5312643,-0.26302677,0.021928994,0.66354215,-0.30203068,-0.0048473324,0.19175197,-0.60149926,0.11967991,0.3788946,-0.71400344,0.089998126,0.52724767,-0.72256166,0.046705686,0.6332997,-0.7069342,0.016184581,0.16538623,-0.63222426,0.05310905,0.38304383,-0.7765642,0.022160148,0.5439736,-0.76897126,-0.015891507,0.657008,-0.7234438,-0.040266402,0.17490055,-0.62075806,-0.021005528,0.38039508,-0.79808325,-0.046486173,0.5430198,-0.7984283,-0.063139975,0.6571249,-0.75378174,-0.072261095,0.22220999,-0.5777031,-0.09699737,0.38161048,-0.74368256,-0.10984869,0.5016681,-0.77493536,-0.10613795,0.5955075,-0.76030546,-0.10191367
C,Alejandro,Right,0.0,0.0,0.0,0.2248314,-0.069782056,0.040570065,0.39269653,-0.21457812,0.049597472,0.54587287,-0.2779678,0.032324675,0.6752941,-0.31776324,0.014657099,0.26530913,-0.5738012,0.12565793,0.40743023,-0.695981,0.10038587,0.53529847,-0.7158238,0.06010712,0.6330832,-0.7089805,0.030753536,0.22264771,-0.6134522,0.066562556,0.4008121,-0.77385134,0.03414432,0.5440007,-0.7741268,-0.006490718,0.6518269,-0.73599964,-0.030503176,0.19728312,-0.61327064,-0.001992129,0.37308228,-0.805346,-0.040075477,0.5246152,-0.8100929,-0.06528401,0.6387753,-0.7693933,-0.07597912,0.19446357,-0.5806669,-0.0718388,0.34808764,-0.7542798,-0.10262113,0.47115037,-0.7805597,-0.11081489,0.57410526,-0.7616371,-0.11189507
C,Alejandro,Right,0.0,0.0,0.0,0.25777197,-0.08664737,0.08163129,0.4200808,-0.20687592,0.09857296,0.548709,-0.26526684,0.08130619,0.64887965,-0.34858537,0.063154735,0.25907233,-0.60769534,0.1474826,0.41440836,-0.7644438,0.13233244,0.5464307,-0.7778184,0.0981488,0.65009975,-0.7598489,0.071594924,0.21283717,-0.63853216,0.067286596,0.40733683,-0.83276856,0.044474367,0.5629874,-0.80856174,0.004410297,0.6681604,-0.72654927,-0.022127923,0.19137941,-0.62345123,-0.016624482,0.38464618,-0.8265653,-0.034855064,0.5446841,-0.801172,-0.052315056,0.65085477,-0.7254383,-0.06463068,0.20379835,-0.5675023,-0.098703764,0.3569652,-0.7415298,-0.110051,0.47697288,-0.75725025,-0.108478166,0.5696064,-0.7259718,-0.10705712
C,Alejandro,Right,0.0,0.0,0.0,0.22232912,-0.08274867,0.039005082,0.39034286,-0.20550363,0.04251439,0.52778167,-0.27453837,0.017714642,0.62618625,-0.3830001,-0.008156104,0.2845601,-0.58197933,0.12489405,0.41196993,-0.7644592,0.09419713,0.5328843,-0.7956009,0.047677018,0.62800354,-0.77821046,0.015945692,0.23346554,-0.6168346,0.061858136,0.38038197,-0.84459084,0.02388437,0.52378803,-0.8422433,-0.029981771,0.6255296,-0.7611811,-0.063014455,0.18301883,-0.6260979,-0.010478046,0.3310957,-0.8646013,-0.045347355,0.48022217,-0.85064137,-0.07625965,0.58678824,-0.77045524,-0.09307403,0.14784183,-0.60284954,-0.084390216,0.2829602,-0.7905345,-0.1130893,0.40191916,-0.8031413,-0.12248711,0.49470145,-0.75551695,-0.1250289
C,Alejandro,Right,0.0,0.0,0.0,0.21164262,-0.07034357,0.008849288,0.38307327,-0.19145976,0.0010550456,0.5192184,-0.2638108,-0.027923267,0.6117284,-0.38251317,-0.055469178,0.2717495,-0.5810594,0.09737281,0.3867188,-0.7630871,0.059067596,0.50679564,-0.80355525,0.008422318,0.6060237,-0.7954466,-0.025032265,0.21737419,-0.6165475,0.050433397,0.34878308,-0.8421344,0.006665679,0.49086434,-0.85054654,-0.04827065,0.602545,-0.7836539,-0.08153269,0.16184087,-0.6282795,-0.008193495,0.2985491,-0.85720813,-0.04922897,0.44724214,-0.86485153,-0.082044214,0.56311727,-0.8079475,-0.098781094,0.117876165,-0.60691017,-0.070733316,0.25064453,-0.78387856,-0.10388117,0.36903378,-0.8136389,-0.11653774,0.4679303,-0.78826314,-0.1205174
C,Alejandro,Right,0.0,0.0,0.0,0.20867148,-0.08534623,0.023139635,0.37496135,-0.21079847,0.010328111,0.50757635,-0.28665537,-0.025858324,0.60977757,-0.39957693,-0.06260677,0.23785351,-0.61087096,0.081886925,0.37077704,-0.799021,0.04340389,0.49907336,-0.8166399,-0.006865087,0.60513604,-0.7926809,-0.042411715,0.18226261,-0.6416985,0.025127973,0.3422942,-0.87054527,-0.019609109,0.49767375,-0.86320084,-0.07545587,0.61385816,-0.7894163,-0.11215023,0.13225159,-0.6422981,-0.039060395,0.2920043,-0.8755896,-0.07994519,0.4501661,-0.8554233,-0.110419035,0.56429493,-0.7802411,-0.12860134,0.10364928,-0.6082112,-0.10528096,0.24397512,-0.79199773,-0.13900182,0.369629,-0.8027081,-0.14879887,0.4698704,-0.7615341,-0.15235594
C,Alejandro,Right,0.0,0.0,0.0,0.20733657,-0.041163336,-0.02259649,0.3836848,-0.13660263,-0.041211665,0.52353126,-0.19702014,-0.07375501,0.6135358,-0.32734543,-0.105418086,0.2830441,-0.5497202,0.06276192,0.4005916,-0.7136828,0.008812507,0.5202334,-0.7492962,-0.051580843,0.62844783,-0.74279577,-0.08930247,0.23228447,-0.5928961,0.030614655,0.36529502,-0.796208,-0.018818075,0.49869752,-0.8223049,-0.07790913,0.6181013,-0.7860985,-0.11606924,0.173529,-0.61015576,-0.01593687,0.30780473,-0.8218349,-0.06773515,0.44734022,-0.8444674,-0.1087167,0.5653234,-0.8058323,-0.12969503,0.1176353,-0.5981238,-0.06838346,0.23534952,-0.7834104,-0.11485986,0.35215443,-0.8129989,-0.13456479,0.45691586,-0.78285754,-0.1410863
C,Alejandro,Right,0.0,0.0,0.0,0.2360477,-0.011232444,0.01969636,0.42130205,-0.09131625,0.028420286,0.57397723,-0.14623182,0.014166733,0.6688318,-0.2652942,1.3404768e-06,0.33505625,-0.51046133,0.14726435,0.47467113,-0.63927954,0.121402085,0.6044445,-0.66519797,0.07134857,0.71094006,-0.6605185,0.03681334,0.2922547,-0.5670624,0.09816916,0.4427825,-0.73333424,0.07444834,0.58831406,-0.74113965,0.022296274,0.70943946,-0.69348955,-0.014484077,0.241048,-0.5985748,0.034609716,0.390581,-0.7864223,0.004211451,0.5463185,-0.78994036,-0.030976968,0.67343855,-0.7392432,-0.052743513,0.19297473,-0.6008249,-0.033052113,0.32252714,-0.7694149,-0.06313006,0.44903132,-0.78879446,-0.07631908,0.5608026,-0.757186,-0.08193528
C,Alejandro,Right,0.0,0.0,0.0,0.24363233,-0.016303206,0.039924733,0.42152402,-0.09766071,0.057601266,0.57331437,-0.15245134,0.044518933,0.6854248,-0.27720267,0.030653818,0.34863845,-0.49895176,0.2047619,0.48749292,-0.62050086,0.20001833,0.611028,-0.6445103,0.1575321,0.7113671,-0.6488055,0.124364406,0.30951765,-0.56252176,0.14437468,0.47253683,-0.7225292,0.13612223,0.61371857,-0.7340769,0.0826856,0.7233793,-0.687341,0.0433972,0.26028883,-0.6022368,0.068589926,0.42529282,-0.77263576,0.05353624,0.5750308,-0.7747836,0.01838701,0.68738174,-0.7262963,-0.0057609514,0.21591474,-0.60718167,-0.0109793255,0.36307782,-0.7672753,-0.02839457,0.4836718,-0.7811342,-0.038253967,0.5832444,-0.74285316,-0.043991044
C,Alejandro,Right,0.0,0.0,0.0,0.23797992,-0.0069227144,0.06672701,0.4152543,-0.100120395,0.095715694,0.5594457,-0.16450359,0.089895114,0.6745596,-0.26140264,0.08364863,0.3226276,-0.52234715,0.22602312,0.4608937,-0.6367596,0.23425263,0.59293497,-0.6558321,0.20220621,0.6956148,-0.6518758,0.17566846,0.2880375,-0.58951235,0.15843603,0.4565328,-0.7318949,0.16298851,0.6057719,-0.72642756,0.120830305,0.720157,-0.6705617,0.08904797,0.26026765,-0.6247886,0.07885061,0.43698993,-0.77885276,0.07534572,0.60129607,-0.7608313,0.046972457,0.72098416,-0.69295156,0.026125044,0.24714842,-0.62465894,-0.0021845114,0.4120491,-0.77186406,-0.0088951895,0.54841876,-0.7698826,-0.013371939,0.65955466,-0.71856743,-0.016437933
C,Alejandro,Right,0.0,0.0,0.0,0.23798351,-0.03658886,0.054379392,0.39164105,-0.13800079,0.059079412,0.5407323,-0.1930678,0.033554833,0.68568474,-0.25141737,0.008253877,0.2410305,-0.5714036,0.13873892,0.44330785,-0.67875105,0.125592,0.5937591,-0.6683344,0.08987867,0.7006733,-0.6409926,0.061769545,0.21293816,-0.62054193,0.07463056,0.4544808,-0.7609138,0.05924447,0.62047076,-0.7282149,0.022670921,0.7329259,-0.66141677,-0.0046452563,0.21726476,-0.6161975,0.0040768,0.44902107,-0.7919848,-0.0130969845,0.62338626,-0.7549114,-0.033402152,0.737893,-0.6749177,-0.047662504,0.25573367,-0.573886,-0.06704859,0.4370273,-0.7515768,-0.078454696,0.5695284,-0.7471522,-0.07547097,0.6689386,-0.6926258,-0.07271767
C,Alejandro,Right,0.0,0.0,0.0,0.23581481,-0.006994243,0.030101195,0.3897644,-0.09916259,0.024379155,0.5460723,-0.15091933,-0.004382562,0.68332666,-0.20847788,-0.029680941,0.24254295,-0.5521749,0.09441599,0.45984218,-0.6249057,0.06926738,0.60177344,-0.5860728,0.029257523,0.68492347,-0.5348694,0.0017898899,0.21652366,-0.61258996,0.047392145,0.4635382,-0.74928397,0.02925482,0.6294397,-0.7175659,-0.00126057,0.73329663,-0.6494559,-0.02372771,0.22463213,-0.6089354,-0.00648383,0.44997942,-0.80149496,-0.02753269,0.621817,-0.7667823,-0.045396302,0.7307223,-0.6826748,-0.05535639,0.27186662,-0.5607829,-0.06183514,0.4534286,-0.7470664,-0.077809185,0.58892006,-0.7453133,-0.07712841,0.69040084,-0.68814147,-0.07376784
C,Alejandro,Right,0.0,0.0,0.0,0.22669123,-0.11577096,0.056790065,0.37550622,-0.26876676,0.05476681,0.4972644,-0.3469862,0.027601296,0.60670674,-0.4139394,0.002443488,0.17819442,-0.6366415,0.07350429,0.35389706,-0.8103634,0.040669687,0.50304085,-0.81664336,0.0012813052,0.6180215,-0.7861612,-0.026125759,0.13703455,-0.64660484,0.008843214,0.36535817,-0.8566207,-0.026511375,0.5240021,-0.83427364,-0.06025864,0.6263866,-0.7673486,-0.08082549,0.12965882,-0.6178705,-0.0565312,0.336294,-0.83109725,-0.08008247,0.4951889,-0.817763,-0.089618824,0.59943616,-0.75121826,-0.095513046,0.16170691,-0.5562811,-0.12138959,0.31575006,-0.7243033,-0.1310681,0.43299735,-0.73818624,-0.12320969,0.51948243,-0.7067753,-0.11666429
C,Alejandro,Right,0.0,0.0,0.0,0.25210768,-0.11721664,0.07010114,0.39265743,-0.26301673,0.075743735,0.50240487,-0.3283878,0.05161342,0.6117763,-0.38699323,0.028441288,0.19377418,-0.66859925,0.09275415,0.38113087,-0.81068915,0.059931185,0.52492154,-0.8032189,0.021998916,0.6322289,-0.7636785,-0.0061793067,0.16055377,-0.67137057,0.01796017,0.391839,-0.84129506,-0.022062412,0.5503216,-0.8135876,-0.05857632,0.65980947,-0.7423658,-0.08119626,0.16461278,-0.6296244,-0.058538586,0.38654995,-0.8158643,-0.089194044,0.55130506,-0.8043003,-0.10413792,0.66557163,-0.746334,-0.112711474,0.20899883,-0.5522973,-0.13347931,0.37166363,-0.71304065,-0.15149622,0.49199596,-0.7495403,-0.15183873,0.58767366,-0.74208176,-0.15154646
C,Alejandro,Right,0.0,0.0,0.0,0.26664892,-0.08996416,0.0421845,0.41638893,-0.224891,0.02441848,0.52014065,-0.28150842,-0.020244364,0.6293703,-0.33167532,-0.06393299,0.20084733,-0.6559455,0.041927654,0.42644772,-0.8058698,-0.012677811,0.5840729,-0.77614725,-0.06643855,0.69542265,-0.7126301,-0.10178801,0.17830245,-0.64802605,-0.028188342,0.441267,-0.82044107,-0.08087065,0.610522,-0.7830256,-0.12752421,0.71816915,-0.69586855,-0.15523838,0.20162645,-0.5835295,-0.099887796,0.43614087,-0.78471017,-0.13425429,0.6074614,-0.7632068,-0.14427403,0.7186234,-0.69121027,-0.14772122,0.26699966,-0.47630346,-0.17290792,0.43728966,-0.6586319,-0.18811622,0.55696404,-0.6887503,-0.17570844,0.6435078,-0.6701205,-0.16385669
C,Alejandro,Right,0.0,0.0,0.0,0.24746594,-0.078522794,0.05062693,0.39080644,-0.22382739,0.050249934,0.49490282,-0.29018092,0.022438196,0.60817504,-0.35320604,-0.003644082,0.17221437,-0.66291136,0.08734337,0.37091845,-0.8116412,0.04921294,0.5245507,-0.8028997,0.0022831329,0.6355104,-0.7543558,-0.030392753,0.15526529,-0.66592985,0.020785673,0.3938858,-0.8416387,-0.022109909,0.5604228,-0.8073903,-0.06925681,0.67109597,-0.7192035,-0.0974575,0.1855103,-0.621483,-0.04841408,0.39642346,-0.8336831,-0.080382116,0.5628774,-0.81428695,-0.097623914,0.6730488,-0.7395981,-0.10534533,0.25605598,-0.54084134,-0.117913194,0.40819192,-0.7311362,-0.13713531,0.5236585,-0.75764805,-0.13198133,0.61293054,-0.73039234,-0.124342084
C,Alejandro,Right,0.0,0.0,0.0,0.22701488,-0.06606572,0.067960605,0.36413845,-0.2000273,0.07459512,0.4753598,-0.26812014,0.05243593,0.58260095,-0.3086318,0.030732222,0.16148762,-0.65753514,0.09125758,0.37315765,-0.8132948,0.06952914,0.53353083,-0.7927252,0.03423686,0.6451293,-0.74116004,0.006916545,0.16578552,-0.6650002,0.022259727,0.40329885,-0.84347975,0.0049609845,0.5773522,-0.8019948,-0.028754348,0.6896064,-0.7158075,-0.055564318,0.20922588,-0.62029713,-0.045698494,0.4219154,-0.8265865,-0.05378835,0.59218776,-0.7952169,-0.062281497,0.7002243,-0.7139229,-0.0728276,0.2900243,-0.54054284,-0.11263737,0.4431759,-0.71764463,-0.11244494,0.55869126,-0.72873366,-0.09856667,0.6427356,-0.6899935,-0.090363175
C,Alejandro,Right,0.0,0.0,0.0,0.2212473,-0.04882461,0.08319382,0.35755852,-0.17310663,0.09845565,0.47963825,-0.23677142,0.08109348,0.5945507,-0.26900986,0.06376874,0.17195867,-0.65949863,0.12207555,0.3872236,-0.81012416,0.111982726,0.54706097,-0.7746906,0.0829792,0.6583412,-0.71058035,0.059306294,0.17703962,-0.6721652,0.049038637,0.41675946,-0.84702027,0.04415388,0.5877655,-0.79242253,0.015476142,0.69944763,-0.6952452,-0.009226256,0.21988271,-0.62907475,-0.022831634,0.44105974,-0.8272452,-0.018915951,0.60947627,-0.78677064,-0.023397304,0.715432,-0.6986824,-0.032983456,0.3001809,-0.54667497,-0.09297958,0.4663496,-0.7223933,-0.08067141,0.583944,-0.7272244,-0.06178051,0.66848564,-0.68358004,-0.051728077
C,Alejandro,Right,0.0,0.0,0.0,0.21330759,-0.043118134,0.09765751,0.34830838,-0.15374282,0.12338695,0.47471318,-0.21611542,0.11432509,0.5850986,-0.24616198,0.10357441,0.16496165,-0.66544366,0.1458096,0.38691226,-0.80208004,0.1509654,0.5480106,-0.76559794,0.12934975,0.6609307,-0.7009247,0.10895724,0.17791243,-0.69202745,0.07086717,0.4233363,-0.8439859,0.08474326,0.5889618,-0.77844906,0.061614554,0.69652474,-0.6778552,0.037571862,0.22926456,-0.6538361,-0.0016169164,0.45476437,-0.83537036,0.014291779,0.62102216,-0.78364414,0.0102742305,0.72452945,-0.68924385,-0.0017455249,0.3174461,-0.57254857,-0.07080558,0.48958918,-0.74123174,-0.05295948,0.6097026,-0.7282656,-0.031903006,0.6944194,-0.66904855,-0.0209758
C,Alejandro,Right,0.0,0.0,0.0,0.25954035,0.045560703,0.060733177,0.44593793,-0.0026517748,0.09068622,0.6083345,-0.0106628435,0.082052894,0.7461167,-0.08797069,0.06982181,0.4266493,-0.4098409,0.2467394,0.5765051,-0.50101274,0.24958234,0.7054788,-0.51059234,0.20581192,0.81776637,-0.5056967,0.16721173,0.39677972,-0.49003968,0.16944821,0.56632197,-0.6183499,0.16748282,0.71526456,-0.61049265,0.10971323,0.8377339,-0.5460786,0.06286156,0.34694776,-0.54973894,0.07513608,0.5273099,-0.6970815,0.05569038,0.6778689,-0.66817915,0.013119274,0.7947829,-0.59816957,-0.018085215,0.2937311,-0.5715615,-0.021702852,0.4681476,-0.715685,-0.048532795,0.5967018,-0.69691014,-0.06548859,0.702592,-0.6272952,-0.07815306
C,Alejandro,Right,0.0,0.0,0.0,0.2387734,0.07314188,0.049052257,0.43074223,0.053658612,0.07597356,0.5990182,0.054348998,0.07036445,0.74770945,-0.017549433,0.064096235,0.39789444,-0.41406474,0.25859904,0.55725837,-0.4804823,0.27887106,0.6964439,-0.4704782,0.24243897,0.80851245,-0.44921303,0.21055076,0.37836605,-0.500015,0.20045,0.5673893,-0.5994056,0.23104298,0.72438145,-0.5863172,0.18530908,0.8486844,-0.5136881,0.14290833,0.34918725,-0.557258,0.12598765,0.5413851,-0.67376786,0.14778516,0.69609946,-0.6500452,0.122824535,0.8140114,-0.58084893,0.09665331,0.32240567,-0.57726043,0.046393592,0.49849656,-0.6950256,0.05826832,0.63070375,-0.6790504,0.06249533,0.7350954,-0.614582,0.062098484
C,Alejandro,Right,0.0,0.0,0.0,0.2783023,0.09495347,0.25688845,0.44825423,0.08483925,0.3914997,0.59817415,0.07205662,0.45295656,0.7447292,0.015403796,0.5088785,0.3252121,-0.4094109,0.5879841,0.50927675,-0.454149,0.72208434,0.67584646,-0.4365837,0.7277969,0.79727304,-0.41843683,0.7098523,0.3232119,-0.50044376,0.44855174,0.54833066,-0.57242393,0.5893221,0.73092514,-0.5365104,0.54933727,0.85624075,-0.46114734,0.49207255,0.34149653,-0.5525374,0.30299953,0.5623455,-0.63535815,0.42889497,0.7354195,-0.59496576,0.40854454,0.8542104,-0.5199275,0.36048955,0.39814824,-0.5578528,0.16554667,0.5869769,-0.63992435,0.26903015,0.7187937,-0.61579555,0.2954136,0.81797314,-0.5681474,0.28989574
C,Alejandro,Right,0.0,0.0,0.0,0.26074234,0.16091754,0.25507337,0.4296136,0.1664812,0.4106412,0.5917465,0.14988169,0.49116966,0.7386626,0.079659514,0.5705273,0.31722865,-0.34743544,0.6692778,0.50243753,-0.37716314,0.8343422,0.66521853,-0.33988747,0.86579925,0.7743187,-0.31627008,0.87327754,0.33568296,-0.46991733,0.5490573,0.5629087,-0.5206616,0.7399382,0.74235004,-0.471492,0.73750037,0.86634743,-0.39528304,0.7117528,0.36878437,-0.5495907,0.41605297,0.59477806,-0.60449153,0.5836186,0.7629112,-0.55254006,0.59870577,0.8748621,-0.46530986,0.5796961,0.43198043,-0.58746,0.2876461,0.6313696,-0.63978785,0.43084475,0.76764715,-0.5840633,0.4910973,0.86348647,-0.504372,0.51561046
C,Alejandro,Right,0.0,0.0,0.0,0.24914631,0.17021541,0.23826294,0.42804256,0.19195691,0.38274845,0.5893892,0.17718157,0.45509917,0.74171776,0.10657888,0.5249978,0.2975461,-0.34900087,0.65005076,0.49210122,-0.38903934,0.8114249,0.66104865,-0.35464036,0.84277284,0.77448404,-0.3398276,0.8495111,0.33166853,-0.47757447,0.5381994,0.55703896,-0.50582373,0.7247199,0.7421266,-0.4564515,0.716131,0.8685775,-0.3848896,0.68401146,0.3761308,-0.57029927,0.4134115,0.59776396,-0.5948153,0.58364254,0.76295793,-0.54220533,0.59436053,0.8702461,-0.4648125,0.5695884,0.4470683,-0.62411153,0.29169744,0.6399984,-0.6532292,0.44218037,0.77007717,-0.5937872,0.50137496,0.85248303,-0.52275485,0.52234244
C,Alejandro,Right,0.0,0.0,0.0,0.25155765,0.19550464,0.2169054,0.42593634,0.23997617,0.35126215,0.59926146,0.22793555,0.41350293,0.7472498,0.13610719,0.47408298,0.31697798,-0.28314686,0.65635896,0.49258038,-0.33587742,0.8032787,0.6534021,-0.2910604,0.82401556,0.75738204,-0.2605196,0.8278847,0.35488302,-0.42160207,0.5478969,0.573202,-0.46864918,0.72187173,0.75748855,-0.42876422,0.70553505,0.8886376,-0.35910302,0.67124593,0.38815802,-0.5488836,0.42023,0.59883994,-0.5748538,0.57889867,0.77004623,-0.52852744,0.58073443,0.8862883,-0.45797548,0.5516925,0.42460567,-0.6462814,0.2931702,0.6128302,-0.667401,0.43506938,0.75054646,-0.6077781,0.48750117,0.8453989,-0.53413546,0.5040615
C,Alejandro,Right,0.0,0.0,0.0,0.18877575,0.18135978,0.08719834,0.38339207,0.24386774,0.15217243,0.5480659,0.23779602,0.179155,0.7009,0.1532358,0.20747215,0.31851298,-0.31316003,0.37765265,0.5057013,-0.34406164,0.45057166,0.6624789,-0.29531974,0.44544843,0.76653796,-0.25474307,0.4389509,0.34023625,-0.4518278,0.32817414,0.56170577,-0.47087812,0.42963707,0.7347956,-0.42807245,0.40291864,0.86461407,-0.35150176,0.36883056,0.3618467,-0.5658068,0.26317585,0.578591,-0.60099655,0.36059207,0.7376258,-0.55083364,0.35696313,0.84343493,-0.48022333,0.33628058,0.38541287,-0.66215,0.19348347,0.5724888,-0.72006494,0.2788486,0.7081776,-0.6775876,0.31641197,0.8001647,-0.5997803,0.3350486
C,Alejandro,Left,0.0,0.0,0.0,-0.20061332,0.044918194,0.036150437,-0.37612855,0.014426822,0.037795983,-0.525458,0.0662832,0.0081886295,-0.6621274,0.115954325,-0.0212204,-0.33498508,-0.48389605,0.16893834,-0.47302023,-0.627323,0.16751747,-0.5957985,-0.65401644,0.13857155,-0.6980094,-0.6388665,0.11478285,-0.30494604,-0.5426373,0.106361225,-0.4662542,-0.7178362,0.1158665,-0.60764915,-0.7189209,0.09426367,-0.70887727,-0.66409886,0.075583726,-0.2791163,-0.5753099,0.028399333,-0.44121456,-0.7650513,0.032308225,-0.5934404,-0.7634312,0.024533654,-0.705182,-0.7087866,0.017150287,-0.26985818,-0.58290577,-0.055350985,-0.41556203,-0.7483943,-0.05653561,-0.5446902,-0.7781907,-0.054149974,-0.6525446,-0.7577503,-0.052875564
C,Alejandro,Left,0.0,0.0,0.0,-0.18781987,0.08870175,0.038537614,-0.3596208,0.08604442,0.049614314,-0.5112262,0.14804825,0.030760944,-0.6547247,0.19463526,0.013125329,-0.31992793,-0.4599662,0.20584391,-0.4669261,-0.572657,0.23449661,-0.5957208,-0.5962205,0.21886072,-0.70129925,-0.5876418,0.19939071,-0.302145,-0.52945614,0.15231475,-0.47133845,-0.6729905,0.1998358,-0.61949146,-0.67873263,0.18659313,-0.728749,-0.6431716,0.16449772,-0.28832316,-0.57375646,0.0829868,-0.45751056,-0.7394202,0.11536071,-0.60843974,-0.7397583,0.10826519,-0.721403,-0.6925155,0.09320806,-0.2923126,-0.5970978,0.007643306,-0.43807852,-0.74756914,0.02412395,-0.56537986,-0.7626573,0.03064324,-0.6737799,-0.7312929,0.030379351
C,Alejandro,Left,0.0,0.0,0.0,-0.19036494,0.12595662,0.07277769,-0.35734493,0.13719958,0.1064865,-0.51624244,0.19230199,0.10033874,-0.6711654,0.22827083,0.09127522,-0.31022164,-0.4109528,0.2879083,-0.47093517,-0.52324086,0.34919268,-0.6032347,-0.5557668,0.3455831,-0.7134116,-0.5640259,0.3290804,-0.2915183,-0.4976357,0.21991478,-0.46242246,-0.6397886,0.29825532,-0.6206661,-0.660378,0.28288576,-0.7353396,-0.6427665,0.25345066,-0.27754265,-0.5633079,0.13640234,-0.43879783,-0.7237734,0.19753714,-0.59566593,-0.736946,0.18871443,-0.7141354,-0.7000076,0.16594641,-0.27752817,-0.6062969,0.04787328,-0.41618672,-0.7662829,0.08511945,-0.541642,-0.79090047,0.09621232,-0.64821273,-0.7610658,0.094784826
C,Alejandro,Left,0.0,0.0,0.0,-0.19196033,0.11920622,0.06391091,-0.3714738,0.13908185,0.09282713,-0.53565204,0.1923101,0.08414972,-0.69085723,0.22214589,0.07230685,-0.33711413,-0.38182327,0.26706144,-0.49849182,-0.47496942,0.32264212,-0.6264667,-0.50265896,0.31736514,-0.7363235,-0.50992745,0.2988041,-0.31979403,-0.4755795,0.20192914,-0.49776697,-0.5902946,0.27135256,-0.6457867,-0.6075676,0.25432634,-0.76100945,-0.5911077,0.22487144,-0.3021747,-0.54991776,0.12169948,-0.47381884,-0.68145686,0.1764353,-0.61907613,-0.6907416,0.16648911,-0.73929995,-0.6583186,0.1429093,-0.29201552,-0.6014386,0.036102112,-0.44423443,-0.7298666,0.06755973,-0.56397986,-0.7563097,0.07441413,-0.6741639,-0.7385818,0.07006353
C,Alejandro,Left,0.0,0.0,0.0,-0.18446937,0.1528766,0.07291529,-0.3582184,0.18658906,0.115473665,-0.52389747,0.24705651,0.11992946,-0.6784788,0.26655245,0.121995024,-0.29460284,-0.33983278,0.31495732,-0.43685758,-0.44094896,0.4023617,-0.5686087,-0.4716678,0.4163497,-0.6772968,-0.4729843,0.40904427,-0.29352716,-0.44620347,0.2577974,-0.46468046,-0.5537126,0.35569462,-0.6266824,-0.5674925,0.3495256,-0.7467676,-0.55761755,0.32491577,-0.2935823,-0.53563744,0.18542723,-0.46625105,-0.65413326,0.2690887,-0.6142958,-0.6631891,0.26795924,-0.73756295,-0.6394617,0.2466484,-0.29829174,-0.6101133,0.10784144,-0.4443981,-0.74043345,0.1665113,-0.56326556,-0.7643095,0.18654317,-0.67148817,-0.74101526,0.18887296
C,Alejandro,Left,0.0,0.0,0.0,-0.19441204,0.14749359,-0.005292753,-0.37498662,0.19748354,-0.016433232,-0.5537149,0.25217488,-0.05143067,-0.7165325,0.2726254,-0.08550361,-0.3672157,-0.3297902,0.17332266,-0.5260573,-0.4193362,0.1913477,-0.6552664,-0.4512942,0.16528577,-0.76479346,-0.460402,0.13565543,-0.34967265,-0.43306774,0.13879861,-0.52906156,-0.5324727,0.16791375,-0.6774045,-0.5567586,0.14201017,-0.8000751,-0.55871433,0.11151095,-0.32763866,-0.5275799,0.08515946,-0.5042486,-0.6381483,0.106103525,-0.6512907,-0.65280163,0.09286557,-0.7763995,-0.6302411,0.07416414,-0.30032244,-0.6117684,0.021444827,-0.46198663,-0.7212361,0.027920306,-0.58653057,-0.7364273,0.028723042,-0.69879055,-0.70893955,0.025235502
C,Alejandro,Left,0.0,0.0,0.0,-0.23396431,0.0639799,0.04056257,-0.4210574,0.03009747,0.018910244,-0.571198,0.06924542,-0.025611427,-0.6857752,0.124883026,-0.06985462,-0.333959,-0.4973067,0.06829642,-0.537523,-0.65453523,0.02466391,-0.6968686,-0.623883,-0.023843527,-0.8247803,-0.5406834,-0.05483717,-0.31086692,-0.5185067,0.0043354495,-0.5837502,-0.7063668,-0.036152285,-0.75341547,-0.6449272,-0.07841232,-0.84760433,-0.5275405,-0.10709983,-0.3073146,-0.4749165,-0.064548545,-0.55636597,-0.679113,-0.08605006,-0.733509,-0.63534695,-0.10537339,-0.8427572,-0.5382938,-0.11952275,-0.3382294,-0.38312128,-0.1328242,-0.5408418,-0.54165417,-0.13929541,-0.67936814,-0.55592626,-0.13848518,-0.782705,-0.5276179,-0.13967459
C,Alejandro,Left,0.0,0.0,0.0,-0.23374887,0.028392097,0.029308692,-0.42946383,-0.018017557,-0.0028815155,-0.584602,0.018139116,-0.056162626,-0.69916886,0.068612225,-0.108553104,-0.32062665,-0.522722,0.048374265,-0.5195337,-0.6797334,-0.008339755,-0.6762631,-0.66405684,-0.06773539,-0.81139934,-0.5844922,-0.10589619,-0.30226195,-0.52322364,-0.012093582,-0.5732508,-0.7208777,-0.07661218,-0.7350637,-0.66519266,-0.1352715,-0.8287143,-0.54367733,-0.17073908,-0.29609498,-0.47191858,-0.07676769,-0.5286087,-0.6837886,-0.11310842,-0.6997037,-0.65398026,-0.14249012,-0.80782104,-0.5578952,-0.16013253,-0.31767753,-0.38364196,-0.14114611,-0.49617097,-0.54178095,-0.15427084,-0.6329015,-0.5664447,-0.16025764,-0.7390001,-0.5473904,-0.16517545
C,Alejandro,Left,0.0,0.0,0.0,-0.23701815,0.042703643,-0.012134974,-0.44208226,0.009931443,-0.058901455,-0.60038877,0.039248925,-0.114475384,-0.7113613,0.0911672,-0.16523136,-0.33394372,-0.5205448,-0.0036013382,-0.53070855,-0.6755641,-0.07685013,-0.69436634,-0.6549143,-0.14578821,-0.82531136,-0.5646779,-0.18829867,-0.31484243,-0.51605093,-0.03875286,-0.58350897,-0.7084098,-0.115821965,-0.74705666,-0.64978576,-0.17678666,-0.8370396,-0.52760416,-0.21271808,-0.30489576,-0.46100953,-0.08034355,-0.52764523,-0.65451527,-0.12722263,-0.70525944,-0.6251091,-0.16294448,-0.8159719,-0.5298381,-0.1827088,-0.31705695,-0.366872,-0.12430985,-0.48615116,-0.51096773,-0.14677292,-0.6249114,-0.5349811,-0.16161792,-0.73332727,-0.51760316,-0.17119619
C,Alejandro,Left,0.0,0.0,0.0,-0.23130344,0.023485782,-0.014989052,-0.44963884,-0.019997332,-0.058855418,-0.6086487,0.0065520806,-0.109899886,-0.71290565,0.047517136,-0.15415585,-0.33367562,-0.5118867,-0.0015373015,-0.5148872,-0.67605966,-0.071969725,-0.67631185,-0.67056775,-0.13838851,-0.8087195,-0.58819443,-0.17999981,-0.31497714,-0.5081283,-0.03440585,-0.57046247,-0.726497,-0.11377269,-0.7214895,-0.68103844,-0.17352633,-0.8044869,-0.5587392,-0.20578606,-0.29906994,-0.4640373,-0.07341064,-0.50168896,-0.6788714,-0.11936322,-0.6705745,-0.66361064,-0.15109509,-0.779242,-0.5713103,-0.1666577,-0.30180764,-0.3819912,-0.11522737,-0.46204147,-0.5281113,-0.13382679,-0.59697425,-0.5570086,-0.14441708,-0.7053584,-0.5419581,-0.15082683
C,Alejandro,Left,0.0,0.0,0.0,-0.23572141,-0.0020748335,-0.00248464,-0.43892977,-0.051740438,-0.042597838,-0.5981764,-0.02546316,-0.09820894,-0.718335,0.014236532,-0.149021,-0.35677993,-0.5154678,0.02754376,-0.5312792,-0.677103,-0.041581523,-0.6697298,-0.6795057,-0.1088315,-0.7823864,-0.6227933,-0.1525593,-0.3239669,-0.53251123,-0.0189763,-0.5495824,-0.746944,-0.0976879,-0.69236684,-0.7122745,-0.15789151,-0.77825546,-0.6033153,-0.19129236,-0.29259267,-0.51121145,-0.074299045,-0.48332933,-0.73111516,-0.12476229,-0.641496,-0.7097016,-0.15683289,-0.745509,-0.6181401,-0.17273447,-0.27386835,-0.44887382,-0.13293613,-0.419886,-0.5974741,-0.1586148,-0.54736716,-0.6227837,-0.17289603,-0.65169054,-0.60035896,-0.18167138
C,Alejandro,Left,0.0,0.0,0.0,-0.21982536,-0.03430791,0.0048296363,-0.41873884,-0.118056275,-0.026836503,-0.5710408,-0.09222694,-0.07745382,-0.6960485,-0.056282412,-0.12596335,-0.3484357,-0.50886405,0.035586685,-0.48709285,-0.6950813,-0.03310585,-0.615309,-0.7208224,-0.09814235,-0.7194101,-0.69458556,-0.14199923,-0.30578065,-0.5284521,-0.01973255,-0.47181404,-0.77699894,-0.103931315,-0.61804706,-0.75093615,-0.16220635,-0.71457934,-0.65692645,-0.19182147,-0.26061118,-0.516361,-0.084619835,-0.4085365,-0.76701266,-0.14248863,-0.5607504,-0.75226355,-0.1726494,-0.6687375,-0.676856,-0.1849998,-0.22066803,-0.46319732,-0.15281115,-0.33996013,-0.6407873,-0.18450919,-0.46069402,-0.6890688,-0.19994786,-0.5637989,-0.691463,-0.2090916
C,Alejandro,Left,0.0,0.0,0.0,-0.21957947,-0.03563035,-0.01749802,-0.41382024,-0.108414136,-0.07029756,-0.5659343,-0.08447961,-0.13724136,-0.6889607,-0.05574846,-0.20052676,-0.341023,-0.5173686,-0.007132518,-0.47426733,-0.7276614,-0.10502329,-0.6102413,-0.7456023,-0.1910539,-0.711238,-0.70295125,-0.2451072,-0.2960686,-0.5281986,-0.05707589,-0.46130067,-0.80278033,-0.17116122,-0.60665226,-0.76807684,-0.24774022,-0.69396466,-0.6610356,-0.2847887,-0.24223652,-0.5079478,-0.11706858,-0.37903082,-0.7782649,-0.1945513,-0.5375075,-0.7648163,-0.23498261,-0.6427229,-0.6789601,-0.24965811,-0.19097394,-0.44334865,-0.18154421,-0.30670702,-0.6210882,-0.22708233,-0.43405324,-0.6693641,-0.25067082,-0.5378096,-0.66751385,-0.26237738
C,Alejandro,Left,0.0,0.0,0.0,-0.20955089,-0.05342196,-0.03677013,-0.39806518,-0.13728774,-0.10493596,-0.5585253,-0.107347034,-0.18293397,-0.6792197,-0.07667458,-0.2578896,-0.31147632,-0.5450576,-0.039969966,-0.4184885,-0.79138803,-0.1542298,-0.5511615,-0.80573386,-0.25363445,-0.6686107,-0.74361265,-0.31420088,-0.264332,-0.53504074,-0.08181068,-0.4220906,-0.8457234,-0.2170236,-0.5614662,-0.80931145,-0.31305757,-0.65386426,-0.6889375,-0.3599043,-0.20188366,-0.5031487,-0.13280669,-0.32077888,-0.7859681,-0.22592635,-0.48005795,-0.79357034,-0.28673756,-0.59457034,-0.7082266,-0.31170407,-0.1400812,-0.43718627,-0.18790686,-0.24719408,-0.6340782,-0.23994154,-0.36897162,-0.6932028,-0.271976,-0.47237918,-0.68911576,-0.2889216
C,Alejandro,Left,0.0,0.0,0.0,-0.20514278,-0.050774787,-0.03593451,-0.39145097,-0.13782983,-0.103659056,-0.54977155,-0.117340185,-0.18313232,-0.6768002,-0.08724544,-0.2592094,-0.31993234,-0.548925,-0.03452159,-0.41844785,-0.81287456,-0.15025288,-0.5398789,-0.8242285,-0.24831551,-0.6451094,-0.7640902,-0.30503577,-0.2587359,-0.5477712,-0.07694585,-0.37760496,-0.8757158,-0.21367823,-0.5099174,-0.8312921,-0.3026256,-0.5922438,-0.6996255,-0.33960998,-0.18740366,-0.520294,-0.12995924,-0.2801043,-0.8168014,-0.22110036,-0.42522514,-0.8098951,-0.2720428,-0.52425855,-0.71919715,-0.28666863,-0.112780996,-0.4600409,-0.18819511,-0.20455976,-0.65995693,-0.23836717,-0.32272798,-0.7176671,-0.26602235,-0.42008063,-0.7154852,-0.2766785
C,Alejandro,Left,0.0,0.0,0.0,-0.19713697,-0.04382846,-0.05102245,-0.3704689,-0.12310408,-0.1347085,-0.52016383,-0.10607589,-0.22785433,-0.6578155,-0.08831266,-0.3212021,-0.29874495,-0.5515579,-0.08421463,-0.39228356,-0.8181388,-0.21498963,-0.5054196,-0.84113806,-0.32350206,-0.60708207,-0.79463917,-0.3862542,-0.21986902,-0.5483589,-0.12613904,-0.29947683,-0.8815462,-0.28565514,-0.43371335,-0.83430785,-0.3858598,-0.5230071,-0.68844473,-0.42623788,-0.13280956,-0.507612,-0.17744689,-0.19598499,-0.8050447,-0.2852133,-0.3393701,-0.7963344,-0.34648675,-0.43970415,-0.6978146,-0.36514536,-0.04333465,-0.4298794,-0.23376374,-0.11318021,-0.6319425,-0.2973604,-0.22395964,-0.6961914,-0.33187956,-0.3172081,-0.69969857,-0.34510723
C,Alejandro,Left,0.0,0.0,0.0,-0.18776365,-0.055114336,-0.062327154,-0.3524851,-0.1497676,-0.14938988,-0.5022315,-0.13747253,-0.24488853,-0.6381592,-0.11890926,-0.33962908,-0.26887143,-0.57902986,-0.084505215,-0.33540547,-0.86756223,-0.21875912,-0.447248,-0.88750327,-0.330986,-0.55014914,-0.8350664,-0.39573893,-0.1873487,-0.57273203,-0.121066086,-0.25019315,-0.9260622,-0.28006363,-0.38132524,-0.89138776,-0.38537976,-0.46937585,-0.75853926,-0.43064013,-0.09790682,-0.53336805,-0.16879566,-0.1478142,-0.84202415,-0.27626666,-0.28520086,-0.8426314,-0.34415093,-0.37979057,-0.7473244,-0.36805984,0.00205924,-0.4625501,-0.22299293,-0.05436967,-0.67836344,-0.2860088,-0.16599926,-0.745424,-0.3258571,-0.26032758,-0.7449513,-0.34437793
C,Alejandro,Left,0.0,0.0,0.0,-0.1835071,-0.039811306,-0.074780054,-0.34547123,-0.13434829,-0.17053159,-0.4925766,-0.11566737,-0.27316102,-0.6391685,-0.10073926,-0.37699252,-0.26691726,-0.5835517,-0.11673567,-0.30931896,-0.8916352,-0.25973594,-0.41503483,-0.9126447,-0.37702563,-0.511159,-0.85948616,-0.44515514,-0.16723733,-0.5760763,-0.15555032,-0.19648072,-0.9511699,-0.3193416,-0.3263518,-0.9061891,-0.42903024,-0.40823278,-0.771913,-0.47954276,-0.06394922,-0.5300017,-0.2058618,-0.088814944,-0.855711,-0.32202092,-0.2255632,-0.84177196,-0.3979388,-0.3107181,-0.73547465,-0.42830536,0.051459048,-0.44799373,-0.26291847,0.013905596,-0.69299936,-0.33439007,-0.09637227,-0.7534134,-0.37907076,-0.18428543,-0.7386989,-0.4019047
C,Alejandro,Left,0.0,0.0,0.0,-0.16497585,-0.054723963,-0.07942562,-0.30905232,-0.16380091,-0.16912693,-0.44912928,-0.16453339,-0.26310438,-0.5953539,-0.15750812,-0.35657176,-0.24018413,-0.613529,-0.10064998,-0.25111362,-0.90652436,-0.22796312,-0.33334002,-0.9466097,-0.33479849,-0.41824374,-0.90833485,-0.3969017,-0.13275056,-0.5996766,-0.13239685,-0.12505336,-0.9621841,-0.2750491,-0.22312485,-0.9401264,-0.36973605,-0.29587668,-0.81552094,-0.4108592,-0.025187118,-0.5436724,-0.17656279,-0.0100847,-0.86640406,-0.27768528,-0.10790057,-0.8694379,-0.33846217,-0.18396404,-0.7803559,-0.35992154,0.09123001,-0.44901732,-0.22875394,0.093614645,-0.6897421,-0.2919194,0.011926375,-0.7685388,-0.3279267,-0.06835122,-0.77458113,-0.3439845
C,Alejandro,Left,0.0,0.0,0.0,0.15573217,0.022336857,-0.18807481,0.33278927,-0.048027363,-0.26444378,0.49843758,-0.11886496,-0.30428708,0.64503145,-0.15369363,-0.33064812,0.22269115,-0.5000763,-0.1475649,0.34653968,-0.7590617,-0.19485387,0.48973194,-0.811405,-0.2312215,0.60322815,-0.7975687,-0.24625164,0.21353564,-0.5208839,-0.055474244,0.35321757,-0.7836535,-0.080241285,0.48164287,-0.81061137,-0.10435409,0.5757168,-0.7685402,-0.115937896,0.22246493,-0.5024567,0.022450645,0.35160974,-0.68499655,0.0074369684,0.46114606,-0.6928063,-0.014544596,0.5396835,-0.6529345,-0.025322698,0.23616494,-0.45100212,0.083168305,0.3438522,-0.5558258,0.0701017,0.43228558,-0.5575277,0.05384575,0.4966786,-0.5320884,0.049690094
C,Alejandro,Right,0.0,0.0,0.0,0.2024398,-0.029766936,-0.001672759,0.38128164,-0.12308497,-0.014929377,0.5229459,-0.15435551,-0.044331536,0.6489326,-0.17619102,-0.07317271,0.3225117,-0.50863165,0.06256316,0.4317587,-0.673241,0.020467794,0.53311825,-0.7258374,-0.026054947,0.62683487,-0.7466306,-0.059823193,0.27183318,-0.5468356,0.019678447,0.40715137,-0.7366268,-0.02232716,0.5318655,-0.77511925,-0.06791316,0.64268273,-0.7661324,-0.09972441,0.2150616,-0.55100507,-0.035020404,0.36032408,-0.73125666,-0.08386878,0.49798092,-0.7647648,-0.11718933,0.6182045,-0.7578118,-0.13689552,0.16187356,-0.5221755,-0.09327326,0.29194105,-0.6494043,-0.13625094,0.40130365,-0.6949068,-0.15533273,0.5035631,-0.71325135,-0.16654953
C,Alejandro,Right,0.0,0.0,0.0,0.23378062,-0.068657234,0.047107764,0.38795003,-0.1591331,0.052122682,0.5157189,-0.18643063,0.027899493,0.63653564,-0.20207706,0.0014680858,0.30680522,-0.5285153,0.11613794,0.41273293,-0.6946636,0.07760546,0.52552384,-0.7334227,0.029120438,0.6221833,-0.7385828,-0.0063073453,0.2645286,-0.5692241,0.047356848,0.40553308,-0.77846366,0.0047311047,0.5367851,-0.80565774,-0.045827337,0.6374388,-0.770501,-0.07908196,0.22542253,-0.5669622,-0.030917797,0.37063482,-0.77272314,-0.07593408,0.5119267,-0.79775155,-0.11209782,0.62486315,-0.7673153,-0.13324456,0.19986646,-0.5251985,-0.109377176,0.334474,-0.66755253,-0.14911,0.45010802,-0.7115167,-0.17002885,0.5527867,-0.7191755,-0.18271631
C,Alejandro,Right,0.0,0.0,0.0,0.18899304,-0.0057656495,-0.0019442269,0.34518412,-0.06814,-0.016541403,0.4950082,-0.080154896,-0.048887145,0.62772334,-0.10798955,-0.078490205,0.2744473,-0.4740386,0.09150327,0.39088938,-0.55518514,0.041177265,0.47628337,-0.5429803,-0.023127876,0.529268,-0.5265712,-0.064496264,0.24806286,-0.54023224,0.052330643,0.40325585,-0.6973396,0.016212061,0.5457766,-0.7425818,-0.032390047,0.6583803,-0.749446,-0.06592531,0.21656233,-0.5573826,-0.0020436458,0.3669099,-0.7408486,-0.045205746,0.5143054,-0.7800207,-0.080594346,0.6325372,-0.77453,-0.09924262,0.1929447,-0.5329484,-0.060765922,0.3267774,-0.6751225,-0.095949195,0.44778976,-0.72223926,-0.10841394,0.55604416,-0.7328283,-0.112997204
C,Alejandro,Right,0.0,0.0,0.0,0.20281714,0.015995052,0.061492365,0.35446993,-0.034480795,0.09109751,0.48939106,-0.039247386,0.09145008,0.6112031,-0.06167148,0.0898295,0.29470986,-0.44421875,0.20867445,0.43377113,-0.5569794,0.22597227,0.5457419,-0.6121114,0.20212562,0.63922197,-0.6561127,0.17805536,0.2690609,-0.5082204,0.1477209,0.43531215,-0.64557016,0.16948326,0.5694688,-0.7027968,0.13738033,0.6786238,-0.72081864,0.1066385,0.24211237,-0.536197,0.07535923,0.4044335,-0.6841483,0.08319392,0.5421559,-0.73725307,0.059030205,0.65224993,-0.758004,0.0367501,0.22202843,-0.53273785,0.0018519207,0.36233988,-0.6678953,0.0028499074,0.47212118,-0.7121196,0.0012945017,0.5694023,-0.7284291,-0.0026907548
C,Alejandro,Right,0.0,0.0,0.0,0.21336696,0.026627362,0.22981012,0.34363034,-0.030161083,0.35444263,0.46005863,-0.052003928,0.4149426,0.58170295,-0.0952288,0.46743262,0.22505972,-0.46000755,0.50209576,0.374682,-0.56861687,0.64242744,0.50193435,-0.61201894,0.6811025,0.59896505,-0.6495778,0.68686044,0.2216032,-0.53224784,0.37714309,0.40208423,-0.65765905,0.5165608,0.5470074,-0.696046,0.51177174,0.662938,-0.69711524,0.4817566,0.23361102,-0.57260346,0.24725662,0.41475895,-0.69650143,0.35495764,0.56921464,-0.72777975,0.34429064,0.6866294,-0.7270076,0.30841452,0.27459782,-0.57407975,0.12619208,0.4361737,-0.7033819,0.20317623,0.5627013,-0.7242898,0.22232604,0.66086066,-0.72196156,0.21531431
C,Alejandro,Right,0.0,0.0,0.0,0.1966144,0.036159065,0.16962294,0.32148698,-0.031057758,0.25822437,0.43828204,-0.048459966,0.29947817,0.5501368,-0.06706015,0.334888,0.17426293,-0.50229305,0.35342008,0.3506188,-0.5995849,0.43678558,0.49738434,-0.6399296,0.44358572,0.6105369,-0.66942924,0.43450612,0.16758753,-0.56724584,0.25991276,0.38638723,-0.68415457,0.34625855,0.5478893,-0.72351885,0.33027506,0.67497677,-0.7168738,0.3005632,0.18546493,-0.5873739,0.16422988,0.40286285,-0.7155832,0.23471627,0.56108564,-0.74532247,0.22314514,0.674878,-0.73792934,0.19637184,0.22996105,-0.5678372,0.07506075,0.40084547,-0.7043349,0.12891911,0.5258802,-0.74326026,0.14392804,0.6258132,-0.7466191,0.14164756
C,Alejandro,Right,0.0,0.0,0.0,0.20936647,0.023346633,0.013446573,0.37768802,-0.033548255,0.029108811,0.53201604,-0.051750094,0.023940954,0.6615305,-0.09561636,0.018783718,0.34107715,-0.41024747,0.18052308,0.46812505,-0.54179853,0.18658319,0.56949383,-0.60235405,0.15469928,0.66116625,-0.65308994,0.12649441,0.30532557,-0.4759574,0.13871847,0.45151824,-0.6165632,0.14990689,0.57003903,-0.6888711,0.10794436,0.68141496,-0.7318973,0.071175285,0.25631016,-0.53027916,0.08016105,0.40512607,-0.6659518,0.07876987,0.5306641,-0.728747,0.051444743,0.64219505,-0.76576316,0.028613025,0.2004362,-0.5640183,0.015645286,0.3348665,-0.6966619,0.007899881,0.4411057,-0.7515847,0.0030479305,0.54553723,-0.78215975,-0.0020283626
C,Alejandro,Right,0.0,0.0,0.0,0.19540411,0.0024285014,-0.03973565,0.38081187,-0.054279614,-0.056702886,0.54028887,-0.07991959,-0.0804202,0.6729538,-0.11553701,-0.10294368,0.34546897,-0.42485604,0.05945884,0.46820074,-0.5634427,0.023430053,0.5646198,-0.6331344,-0.025512813,0.6540702,-0.68818283,-0.06103616,0.29266796,-0.48849213,0.04177413,0.42998123,-0.64015055,0.014986031,0.5371053,-0.71626914,-0.028858254,0.6402168,-0.76819426,-0.06274129,0.22504844,-0.5270737,0.0079195155,0.36112687,-0.6789935,-0.027057773,0.47095287,-0.74899304,-0.055096038,0.5728903,-0.7896935,-0.07298422,0.14603171,-0.5464117,-0.033797674,0.25799826,-0.6779257,-0.06718738,0.35094914,-0.73540395,-0.078664795,0.44207683,-0.76720667,-0.084444724
C,Alejandro,Right,0.0,0.0,0.0,0.1847228,-0.010674891,-0.07063382,0.36293432,-0.07049689,-0.10741121,0.5146704,-0.106106244,-0.14267682,0.6429725,-0.16205275,-0.17764935,0.31593433,-0.45648214,-0.014430519,0.42905673,-0.6133827,-0.07045882,0.51300675,-0.69534254,-0.12539169,0.5971479,-0.76017815,-0.16365522,0.24598338,-0.51578915,-0.018336128,0.36792696,-0.6835635,-0.06566931,0.46152097,-0.76743484,-0.11339154,0.5638381,-0.82588536,-0.14939001,0.16112062,-0.54092175,-0.03755895,0.28618622,-0.70640546,-0.09312783,0.3847145,-0.78647876,-0.13002253,0.4851915,-0.8360205,-0.15247166,0.06443494,-0.53891665,-0.064812236,0.17070921,-0.66969174,-0.11764994,0.25911406,-0.7335973,-0.14183688,0.35123137,-0.7739166,-0.15530741
C,Alejandro,Right,0.0,0.0,0.0,0.1862001,-0.010679291,-0.052634366,0.37385732,-0.09717328,-0.08383495,0.5315765,-0.12448176,-0.11962153,0.66437167,-0.16859281,-0.15616858,0.330361,-0.48606786,0.004958464,0.444893,-0.6391294,-0.053571407,0.54003173,-0.7056147,-0.11160798,0.63419515,-0.74632263,-0.15211107,0.27155194,-0.53449446,-0.011950096,0.39644265,-0.70286214,-0.06497383,0.5055227,-0.7641612,-0.118166134,0.61913115,-0.7852876,-0.15566328,0.19790381,-0.55029523,-0.043319043,0.3268165,-0.71602136,-0.10308389,0.4422709,-0.77796304,-0.14265077,0.55808157,-0.8041675,-0.16524151,0.11489008,-0.53832465,-0.08173774,0.22494538,-0.67684263,-0.13831171,0.32156202,-0.7374856,-0.16467403,0.42188653,-0.7689322,-0.17839557
C,Alejandro,Right,0.0,0.0,0.0,0.18363598,-0.0046516964,-0.03697198,0.37110156,-0.10306386,-0.054805286,0.5270474,-0.12473423,-0.079833575,0.6567285,-0.14517501,-0.104266934,0.32228613,-0.4824492,0.03682707,0.43451878,-0.61964256,-0.008565646,0.53103006,-0.689188,-0.060465846,0.6250478,-0.73680913,-0.09733954,0.26864368,-0.5316253,0.015747616,0.3978872,-0.68659437,-0.025787791,0.5077745,-0.7479479,-0.07401742,0.62608105,-0.779758,-0.107367486,0.20508933,-0.5525458,-0.019082349,0.3403411,-0.7106765,-0.07048877,0.45856997,-0.7688932,-0.106449604,0.57832885,-0.791412,-0.12520696,0.13847622,-0.54935145,-0.06033687,0.26864114,-0.68282306,-0.107481666,0.37099048,-0.73968285,-0.12661006,0.47421527,-0.76437104,-0.1344858
C,Alejandro,Right,0.0,0.0,0.0,0.21965115,-0.032169726,0.026325634,0.3775929,-0.10544617,0.029787889,0.51346046,-0.12287628,0.008521936,0.6377191,-0.1629013,-0.01500706,0.33072627,-0.47806403,0.13275982,0.4351188,-0.62494606,0.10908849,0.5301452,-0.696895,0.06521497,0.61834425,-0.7481331,0.030104524,0.28956953,-0.5276631,0.074867256,0.41276678,-0.6973723,0.050587233,0.5315247,-0.7539537,0.001957688,0.64042914,-0.7680173,-0.03551551,0.23612536,-0.552628,0.003750783,0.3672459,-0.72855735,-0.032012384,0.49854672,-0.77117467,-0.068296924,0.6141645,-0.77272004,-0.09217432,0.18219282,-0.5469193,-0.06986783,0.3115263,-0.69355285,-0.105251275,0.42506,-0.73199713,-0.12235023,0.53035873,-0.7378856,-0.13315786
C,Alejandro,Right,0.0,0.0,0.0,0.16425538,-0.0063682823,-0.055338,0.3439623,-0.096911244,-0.078650385,0.5045547,-0.13879953,-0.10504839,0.63553506,-0.18138768,-0.12907533,0.31797826,-0.45278707,0.033042636,0.42344573,-0.59509015,-0.014014231,0.51592183,-0.67004186,-0.067922115,0.60321325,-0.73031706,-0.10539218,0.2716404,-0.51431125,0.02322296,0.39356005,-0.6693616,-0.015927143,0.49320903,-0.7454085,-0.061984714,0.59860355,-0.7986524,-0.09512708,0.21019945,-0.55534583,-0.0032412747,0.3388961,-0.7137946,-0.050686855,0.44734383,-0.791853,-0.08530523,0.5523986,-0.8335801,-0.104666196,0.13271104,-0.5780958,-0.038096216,0.2444535,-0.71557975,-0.08029263,0.3405538,-0.7730437,-0.09842102,0.43584895,-0.79730886,-0.107075095
C,Alejandro,Right,0.0,0.0,0.0,0.18920378,-0.10380023,0.008476997,0.34197325,-0.24462038,-0.0075579733,0.46911743,-0.3069453,-0.0413619,0.58684146,-0.3624171,-0.075241715,0.2067029,-0.60174495,0.056270607,0.30317557,-0.76817954,0.015910422,0.4036457,-0.82647353,-0.029843183,0.49261236,-0.8551941,-0.06397305,0.15403448,-0.6201601,0.008782384,0.27814457,-0.8217268,-0.032497823,0.40281045,-0.86751586,-0.07773249,0.5084533,-0.8610895,-0.108678415,0.10999496,-0.60005337,-0.047164194,0.24303846,-0.8024677,-0.08854708,0.36985376,-0.8493042,-0.115454406,0.47739923,-0.8503743,-0.13166316,0.08377906,-0.5430143,-0.1059894,0.20161933,-0.69513685,-0.14049701,0.2990578,-0.7600221,-0.15310547,0.38706836,-0.7906827,-0.15957637
C,Alejandro,Right,0.0,0.0,0.0,0.22904553,-0.07398997,0.057235513,0.38493484,-0.17155229,0.05531534,0.5140126,-0.21055035,0.025342269,0.6331378,-0.25453892,-0.006511406,0.25652146,-0.6016394,0.089977555,0.38844088,-0.7486777,0.056080423,0.5098876,-0.7746529,0.014537832,0.60960406,-0.77146125,-0.0174054,0.2077952,-0.63192064,0.017518204,0.38775212,-0.80268323,-0.016584015,0.53711236,-0.80653536,-0.055040706,0.64824235,-0.7614341,-0.08310141,0.17957512,-0.61011744,-0.059034795,0.36193633,-0.78094137,-0.09128966,0.51127815,-0.7815344,-0.10847924,0.6238887,-0.73851585,-0.121099435,0.17950544,-0.5406264,-0.13498753,0.32645375,-0.68193936,-0.16232178,0.43929273,-0.7137849,-0.16562536,0.5320683,-0.7044484,-0.16676392
C,Alejandro,Right,0.0,0.0,0.0,0.22690849,-0.032694828,0.041159082,0.3862219,-0.13144758,0.03465931,0.51544946,-0.1579861,0.0051797326,0.6244725,-0.16893806,-0.022014743,0.2211818,-0.5874562,0.07070015,0.40912223,-0.7391276,0.034622855,0.56229156,-0.7325986,-0.009498167,0.67657095,-0.6942438,-0.03934851,0.20507696,-0.59859747,0.014861922,0.4374604,-0.7745185,-0.017253181,0.6070061,-0.75775933,-0.056651622,0.72473913,-0.6890234,-0.08380685,0.21720786,-0.5617129,-0.04360927,0.4346173,-0.7383336,-0.063684,0.599689,-0.7320631,-0.08115588,0.71329415,-0.67286366,-0.094110645,0.26342696,-0.48311323,-0.10327349,0.43271852,-0.6182962,-0.10932536,0.551776,-0.64506775,-0.105489194,0.6459686,-0.6291988,-0.10326024
