feature_version,label,persona,m0,m1,m2,m3,m4,m5,m6,m7,m8,m9,m10,m11,m12,m13,m14,m15,m16,m17,m18,m19,m20,m21,m22,m23,m24,m25,m26,m27,m28
2,Q,Zaith,0.1577873528003692,-1.6913989782333374,0.0099121574312448,0.0556250512599945,0.0365433618426322,0.1766982525587082,0.592016339302063,1.3389867544174194,0.3265643119812011,10.0,1.6145670413970947,1.108260989189148,0.3740438222885132,0.1414119154214859,2.6450657844543457,-0.5116599798202515,9.825085726333782e-05,0.0030941462609916,-0.0002821110247168,0.9769532084465028,1.663872003555298,0.6229897141456604,20.0,0.0391967333853244,0.0086429733783006,-0.0004945392720401,0.2511690855026245,0.0370911806821823,0.1711002737283706
2,Q,Zaith,0.0838810130953788,-1.4311548471450806,0.0609998852014541,0.9359934329986572,0.2975205183029175,2.348191022872925,4.602372169494629,43.64358139038086,9.679510116577148,13.0,1.7658768892288208,1.0002524852752686,2.8484444618225098,2.249621868133545,1.266188144683838,-0.0397156439721584,0.0037209859583526,0.8760837316513062,-0.0022675842046737,0.9957594871520996,1.573395609855652,0.6348263025283813,20.0,0.4194214046001434,0.1033514663577079,0.3936976790428161,0.8260153532028198,0.1722745299339294,0.4652661681175232
2,Q,Zaith,0.1578710079193115,-1.213637351989746,0.0840334221720695,0.929133117198944,0.2621625065803528,2.192011833190918,5.208431243896484,50.55196762084961,11.034472465515137,12.0,1.5114283561706543,1.0870405435562134,3.041672468185425,1.9417073726654053,1.5664937496185305,-0.9276428818702698,0.0070616160519421,0.863288402557373,-0.0724287256598472,0.9988749623298644,1.6545934677124023,0.6133887767791748,20.0,0.2950581908226013,0.0739283636212349,0.224023088812828,0.7581045627593994,0.2235589325428009,0.6661008596420288
2,Q,Zaith,0.2258239537477493,-1.4593931436538696,0.1079577133059501,0.7677924633026123,0.3191164433956146,2.5983567237854004,8.169777870178223,43.356666564941406,11.132660865783691,13.0,1.7289695739746094,1.1394034624099731,5.017573833465576,1.7243341207504272,2.9098618030548096,-0.8953844308853149,0.0116548687219619,0.5895052552223206,-0.0742176249623298,0.9962015748023988,1.696515679359436,0.6238113045692444,20.0,6.439312934875488,2.856771469116211,-6.233273029327393,10.0637788772583,0.1693804264068603,0.7812957763671875
2,Q,Zaith,0.123790256679058,-1.503858208656311,0.1249814480543136,0.6348555088043213,0.3414529263973236,1.7523897886276243,3.893678188323975,14.06159210205078,4.346384048461914,11.0,1.102250337600708,0.745445966720581,2.497617244720459,1.3946430683135986,1.7908649444580078,-0.956330418586731,0.0156203629449009,0.4030414819717407,-0.075880192220211,0.9969124794006348,1.7574701309204102,0.6154584288597107,20.0,0.0910243019461631,0.0228117313235998,-0.0220681801438331,0.576878011226654,0.167846068739891,0.2987873256206512
2,Q,Zaith,0.2454259991645813,-1.3648065328598022,0.0978383049368858,1.0411204099655151,0.3523817360401153,2.718210935592652,6.425302028656006,47.278564453125,10.84677791595459,14.0,1.6685893535614014,0.901138186454773,5.108429908752441,2.719090700149536,1.8787274360656736,-0.4333927929401397,0.009572334587574,1.0839316844940186,-0.0441460199654102,0.9928515553474426,1.6117947101593018,0.8348042964935303,20.0,1.169763207435608,0.2947029173374176,1.0625431537628174,1.9893932342529297,0.3630564510822296,0.8987910747528076
2,Q,Zaith,0.2029437273740768,-1.5414822101593018,0.0752899125218391,0.733596682548523,0.2481465190649032,2.319918870925904,5.643486022949219,36.84360885620117,9.328496932983398,11.0,1.6988447904586792,1.2649145126342771,3.8514981269836426,1.6888225078582764,2.2805819511413574,-0.9100699424743652,0.0056685712188482,0.5381641387939453,-0.0502653792500495,0.9982219338417052,1.664094090461731,0.6248965859413147,20.0,0.4067120850086212,0.0788308456540107,0.0680916383862495,1.4747228622436523,0.1508798599243164,0.5632545948028564
2,Q,Zaith,0.2193797975778579,-1.3266655206680298,0.1036559641361236,0.4887396395206451,0.311318039894104,1.1805427074432373,3.4493777751922607,12.509079933166504,3.2691729068756104,10.0,1.4101063013076782,1.121211290359497,2.173791885375977,1.098896861076355,1.9781581163406368,-0.8335712552070618,0.0107445586472749,0.2388664186000824,-0.0422293655574321,0.9871034622192384,1.7480896711349487,0.6146588921546936,20.0,0.1081481352448463,0.0353271700441837,0.0769242793321609,0.6862453818321228,0.1826670914888382,0.3839296400547027
2,Q,Zaith,0.2658966779708862,-1.2191095352172852,0.1008719950914383,0.7795303463935852,0.299190878868103,1.941217064857483,5.327959537506104,22.470605850219727,6.061065196990967,10.0,1.4558345079421997,1.0925979614257812,3.59440016746521,1.7937310934066772,2.0038678646087646,-0.8352990746498108,0.0101751592010259,0.6076676249504089,-0.0656818896532058,0.9950553178787231,1.6790039539337158,0.6262043714523315,20.0,0.2318944334983825,0.0585805922746658,0.1141432970762252,1.040427565574646,0.1817541420459747,0.5301478505134583
2,Q,Zaith,0.2551823556423187,-1.30938982963562,0.1189940199255943,0.5943253636360168,0.3650360703468323,1.7959246635437012,4.357629299163818,20.47187614440918,5.644311904907227,12.0,1.5063049793243408,1.0557712316513062,2.545588731765747,1.831830143928528,1.389642357826233,-0.9623318910598756,0.0141595769673585,0.3532226085662842,-0.0680572241544723,0.9972457885742188,1.7616711854934692,0.6458742022514343,20.0,0.2003971338272094,0.038935974240303,0.0081553580239415,1.3817203044891355,0.1725069284439087,0.391400933265686
2,Q,Zaith,0.2956132888793945,-1.385200262069702,0.069143109023571,0.5827714800834656,0.2631281614303589,1.8803670406341555,4.155190467834473,21.13260078430176,6.254749298095703,12.0,1.3808401823043823,0.9944577217102052,2.645169734954834,1.4470981359481812,1.8279132843017576,0.8843424320220947,0.0047807693481445,0.3396225869655609,0.0356342531740665,0.9969987869262696,1.4659398794174194,0.6180739998817444,20.0,0.2443879097700119,0.0601026713848114,0.1830208599567413,0.7686388492584229,0.1413464993238449,0.3400706350803375
2,Q,Zaith,0.3388848304748535,-1.2078022956848145,0.1257331520318985,0.7596316337585449,0.4308508336544037,1.9545047283172607,4.401395320892334,18.07613754272461,4.488997936248779,14.0,1.9586389064788816,1.029153823852539,2.924696207046509,1.828860878944397,1.5991899967193604,0.9175918698310852,0.0158088244497776,0.5770401954650879,0.0876400023698806,0.9958645105361938,1.4194389581680298,0.6388295888900757,20.0,0.2922897040843963,0.0975993648171424,0.2860449552536011,1.1780143976211548,0.2234770059585571,0.3023360669612884
2,Q,Zaith,0.2129893153905868,-1.2941062450408936,0.0937400534749031,0.6067521572113037,0.2715161740779876,1.4766494035720823,3.14776611328125,24.188365936279297,5.476177215576172,12.0,1.6523890495300293,1.1163451671600342,1.893306255340576,1.2931818962097168,1.464068055152893,-0.9043128490447998,0.008787197060883,0.3681482076644897,-0.0514345839619636,0.9958163499832152,1.7101964950561523,0.6318591237068176,20.0,0.0742505937814712,0.0174961667507886,-0.0219316072762012,0.391834557056427,0.0691762417554855,0.1668531596660614
2,Q,Zaith,0.239226683974266,-1.5240874290466309,0.0989351943135261,0.4588160514831543,0.2797484695911407,1.3303077220916748,4.858516693115234,20.278409957885746,6.635818004608154,10.0,1.3991302251815796,1.2003211975097656,3.053818225860596,0.6225310564041138,4.905487060546875,-0.9724901914596558,0.0097881723195314,0.210512176156044,-0.0441442988812923,0.9976854920387268,1.7779872417449951,0.6564176082611084,20.0,0.1319494098424911,0.0325150340795517,-0.0135462321341037,0.7369891405105591,0.170216828584671,0.2256439179182052
2,Q,Zaith,0.1503414660692215,-1.4812979698181152,0.12816022336483,0.5480716228485107,0.3629004657268524,1.489867091178894,3.28371000289917,17.69002914428711,3.97554349899292,8.0,0.9857670664787292,0.761076807975769,2.048929214477539,1.225373148918152,1.6720860004425049,-0.8830212354660034,0.0164250414818525,0.3003824949264526,-0.0620242729783058,0.988930881023407,1.776731252670288,0.6216431260108948,20.0,0.1808228641748428,0.0521345101296901,-0.1449800878763198,0.9475078582763672,0.1639239490032196,0.2974607050418854
2,Q,Zaith,0.4257286489009857,-1.5525758266448977,0.1033405065536499,0.3246597349643707,0.283082515001297,0.834044337272644,2.02939248085022,8.11257266998291,2.1983866691589355,13.0,1.4501819610595703,0.8478525280952454,1.361333966255188,0.5910521149635315,2.3032383918762207,-0.9718481302261353,0.0106792598962783,0.1054039448499679,-0.0326059907674789,0.9953194856643676,1.8722580671310425,0.6634206771850586,20.0,0.1230299845337867,0.0258330460637807,-0.0127426963299512,0.7022888660430908,0.1601102352142334,0.268631100654602
2,Q,Zaith,0.3206604719161987,-1.356795072555542,0.1132223531603813,0.4493350982666015,0.3204651176929474,1.2978380918502808,5.667826175689697,34.439815521240234,8.524940490722656,14.0,1.7278181314468384,1.0024322271347046,3.295323848724365,0.7750455141067505,4.251780986785889,-0.9343501925468444,0.0128193013370037,0.2019020467996597,-0.0475348606705665,0.992767572402954,1.8037365674972528,0.6151100993156433,20.0,0.0862225219607353,0.0208212882280349,-0.0050256792455911,0.4891118705272674,0.1709264665842056,0.3067938983440399
2,Q,Zaith,0.3656471967697143,-1.36600923538208,0.1334390789270401,0.583773672580719,0.3499789237976074,1.7132419347763062,4.798617362976074,27.60476303100586,7.838766098022461,9.0,1.3398135900497437,0.9662176966667176,3.08947229385376,0.912126362323761,3.3871102333068848,-0.9538042545318604,0.0178059861063957,0.3407916724681854,-0.0742996484041214,0.995704174041748,1.7863987684249878,0.6279624104499817,20.0,0.0833000019192695,0.018115596845746,-0.0084081050008535,0.6462443470954895,0.1943891495466232,0.4699822068214416
2,Q,Zaith,0.5453289151191711,-1.5338162183761597,0.0664701089262962,0.438778817653656,0.1973896622657776,1.125484824180603,2.082727193832397,8.3246488571167,2.5002920627593994,7.0,1.0527288913726809,0.9443284869194032,1.2997523546218872,1.0766748189926147,1.2071912288665771,-0.9363888502120972,0.0044182753190398,0.1925268471240997,-0.0273104142397642,0.9972839951515198,1.712095022201538,0.6150330901145935,20.0,0.0949926227331161,0.0223539154976606,-0.0416140295565128,0.3858088552951813,0.0786537379026413,0.1833257377147674
2,Q,Zaith,0.4811080694198608,-1.5408374071121216,0.0596170462667942,0.5073424577713013,0.17032191157341,1.3823366165161133,2.59741759300232,11.366680145263672,2.936311960220337,7.0,1.0409547090530396,1.062103509902954,1.6451005935668943,1.3877705335617063,1.185426950454712,-0.9245248436927797,0.0035541923716664,0.2573963701725006,-0.0279634185135364,0.9980409145355223,1.679224729537964,0.6562908887863159,20.0,0.0867276713252067,0.0188249256461858,-0.0441729016602039,0.4185903370380401,0.1119544431567192,0.2394514232873916
2,Q,Zaith,0.419450432062149,-1.4844353199005127,0.0584019124507904,0.5720752477645874,0.1811765879392624,1.47173273563385,2.668620109558105,17.194238662719727,4.098259449005127,12.0,1.4232983589172363,1.1257048845291138,2.053485870361328,1.3157585859298706,1.5606858730316162,-0.9001710414886475,0.0034107835963368,0.3272700905799866,-0.0300749745219945,0.9980560541152954,1.6626144647598269,0.6310771703720093,20.0,0.0737030804157257,0.0164315067231655,-0.024469481781125,0.3565795719623565,0.1607317477464676,0.2533130943775177
2,Q,Zaith,0.5188133716583252,-1.3931939601898191,0.012695756740868,0.4344131052494049,0.0468517839908599,1.0595903396606443,1.8609421253204343,8.857954978942871,2.6927974224090576,9.0,1.1155740022659302,1.159864068031311,1.1623671054840088,1.0240797996520996,1.135035753250122,-0.6856250166893005,0.0001611822372069,0.1887147426605224,-0.0037813612725585,0.9995477795600892,1.5908401012420654,0.6563953757286072,20.0,0.085766427218914,0.0214989930391311,0.0291977431625127,0.3588667213916778,0.1034600958228111,0.1584424376487732
2,Q,Zaith,0.4231343567371368,-1.4050636291503906,0.1046936586499214,0.6264805197715759,0.2812277972698211,1.5386614799499512,3.741530179977417,28.054487228393555,6.142302989959717,10.0,1.4487916231155396,1.225577473640442,2.468841552734375,1.3716230392456057,1.7999417781829834,-0.9830852150917052,0.0109607623890042,0.3924778401851654,-0.0644791200757026,0.9991118907928468,1.7337751388549805,0.6535173058509827,20.0,0.0775322914123535,0.024634838104248,-0.0464777611196041,0.5141014456748962,0.2129061073064804,0.3092025816440582
2,Q,Zaith,0.3644552230834961,-1.486063003540039,0.1443950831890106,0.6351446509361267,0.4032793641090393,1.556512713432312,4.282484531402588,41.72556686401367,9.109792709350586,13.0,1.6570812463760376,1.0048974752426147,2.4287867546081543,1.1098321676254272,2.188427209854126,-0.9810999631881714,0.0208499412983655,0.4034087359905243,-0.0899784117937088,0.9982441663742064,1.7906417846679688,0.6581801176071167,20.0,0.1783791184425354,0.0342595502734184,-0.0144582195207476,0.6993016600608826,0.1494815200567245,0.1819418221712112
2,Q,Zaith,0.3472353219985962,-1.6596801280975342,0.0775056928396225,0.6102496385574341,0.2500048279762268,1.6762596368789673,3.5296201705932617,14.702130317687988,4.317264556884766,8.0,0.9195647835731506,0.9325270056724548,2.064467430114746,1.3810821771621704,1.4948186874389648,-0.8638593554496765,0.006007133051753,0.3724046051502228,-0.0408586673438549,0.996004045009613,1.680515170097351,0.6177719831466675,20.0,2.140303373336792,0.4514658153057098,0.0084118312224745,6.891302108764648,0.1738415509462356,0.4097254872322082
2,Q,Zaith,0.3460286855697632,-1.5043916702270508,0.0705389603972435,0.6729956269264221,0.2103132456541061,2.118869543075561,4.910508632659912,21.323999404907227,6.805019855499268,7.0,1.0477567911148071,1.1131117343902588,3.0392961502075195,1.4143565893173218,2.148889541625977,-0.8652024865150452,0.0049757449887692,0.4529231190681457,-0.0410732477903366,0.997282862663269,1.6614809036254885,0.637593686580658,20.0,0.227327674627304,0.0420408025383949,0.0389129631221294,0.9681610465049744,0.3083966076374054,0.3636818826198578
2,Q,Zaith,0.2703476846218109,-1.2975492477416992,0.1530291140079498,0.7932608127593994,0.4509828686714172,1.984951734542847,4.405363082885742,39.83061981201172,8.638376235961914,8.0,1.205983281135559,1.0752067565917969,2.7954745292663574,1.7252768278121948,1.6203049421310425,-0.8596365451812744,0.0234179105609655,0.6292626857757568,-0.1043529957532882,0.9908037185668944,1.7366740703582764,0.6337860822677612,20.0,0.1301892846822738,0.047622799873352,0.0071143866516649,0.4667637944221496,0.2243240922689438,0.2264682203531265
2,Q,Zaith,0.2804439067840576,-1.612910270690918,0.1186282932758331,0.7451748251914978,0.3870626091957092,2.3401970863342285,5.288895606994629,28.45190620422364,7.487167358398437,12.0,1.3956921100616455,0.9277077913284302,3.366684675216675,1.7054145336151123,1.9741151332855225,-0.942663073539734,0.0140726724639534,0.5552855134010315,-0.0833303034305572,0.9973004460334778,1.7201584577560425,0.6141154766082764,20.0,0.3720216751098633,0.1145262718200683,0.3313905596733093,0.9549033641815186,0.1234699487686157,0.5034524202346802
2,Q,Zaith,0.5308569073677063,-1.3941864967346191,0.163115918636322,0.5926725268363953,0.4237889051437378,1.49525785446167,2.8714475631713867,10.851526260375977,2.9803712368011475,12.0,1.4811854362487793,1.0492639541625977,1.827422261238098,1.467873215675354,1.2449455261230469,-0.9694967865943908,0.0266068056225776,0.3512607216835022,-0.0937254503369331,0.9960364699363708,1.8326094150543213,0.6234068274497986,20.0,0.0610527731478214,0.01708928309381,-0.0235193818807601,0.3599300980567932,0.073390282690525,0.2045457065105438
2,Q,Zaith,0.5269461870193481,-1.4803588390350342,0.1110534369945526,0.7542789578437805,0.3080967366695404,1.910678744316101,3.648393392562866,20.144287109375,4.807773590087891,10.0,1.3133925199508667,1.0726432800292969,2.188409805297852,1.8950178623199463,1.154822826385498,-0.962583601474762,0.0123328659683465,0.5689367651939392,-0.0806310772895813,0.9984703660011292,1.7117983102798462,0.6192303895950317,20.0,2.874236583709717,0.6071868538856506,0.04193627089262,9.499637603759766,0.2123623341321945,0.1924999803304672
2,Q,Zaith,0.5553541779518127,-1.4537872076034546,0.0789736062288284,0.7778524160385132,0.2274139523506164,2.0024678707122803,5.870114326477051,31.270235061645508,6.886587142944336,12.0,2.001186847686768,1.226731300354004,3.63323712348938,1.0851832628250122,3.3480403423309326,-0.9208312034606934,0.0062368311919271,0.6050543785095215,-0.0565664917230606,0.9984595775604248,1.6641595363616943,0.6508057713508606,20.0,0.3600256145000458,0.0953076630830764,0.0964058861136436,1.3237581253051758,0.1685031354427337,0.2913048565387726
2,Q,Zaith,0.1158687844872474,-1.7422471046447754,0.0993918254971504,0.2283743321895599,0.4127244353294372,0.9004620909690857,3.272101640701294,19.63809967041016,4.680103778839111,9.0,0.8407284617424011,0.6461136341094971,1.95357346534729,0.188687726855278,10.353474617004396,-0.8695471882820129,0.009878734126687,0.0521548390388488,-0.0197374541312456,0.9650220274925232,1.9463696479797363,1.0620330572128296,20.0,0.1328980028629303,0.029886083677411,0.0478045009076595,0.499487042427063,0.2145934998989105,0.3243200480937958
2,Q,Zaith,0.1421041637659073,-1.3233305215835571,0.17349474132061,0.9985477924346924,0.7512602806091309,2.6244966983795166,6.878990173339844,42.67416763305664,9.95784854888916,10.0,1.1446962356567385,0.8335326910018921,6.323737621307373,0.0389405377209186,162.39471435546875,0.3132706582546234,0.0301004257053136,0.9970977306365968,0.0542718879878521,0.9729396104812622,1.5149061679840088,0.9074177145957948,20.0,0.6060490608215332,0.1576364785432815,-0.057286012917757,2.0168185234069824,0.5915301442146301,0.7553619146347046
2,Q,Zaith,0.4839995205402374,-1.4217242002487185,0.0631911903619766,0.4988333582878113,0.2081815004348755,1.2296724319458008,3.455502510070801,17.981788635253906,4.649986743927002,11.0,1.6426701545715332,1.113317608833313,2.0112783908843994,0.990066647529602,2.031457662582397,-0.8949609994888306,0.0039931260980665,0.2488347142934799,-0.0282108467072248,0.996886670589447,1.6840401887893677,0.6392936110496521,20.0,0.1000605374574661,0.0243718009442091,0.008341153152287,0.5361367464065552,0.2926234304904938,0.3979739248752594
2,Q,Zaith,0.3611350655555725,-1.3264552354812622,0.1165621802210807,0.6031586527824402,0.3134572505950928,1.4863779544830322,3.789544343948364,16.051116943359375,4.269959926605225,9.0,1.3277111053466797,1.1128404140472412,2.262048482894897,1.3788906335830688,1.64048433303833,-0.9640429615974426,0.0135867418721318,0.3638003766536712,-0.0677775144577026,0.9975369572639464,1.755448818206787,0.6350852847099304,20.0,0.0597753934562206,0.0113610820844769,-0.0091073084622621,0.3152594566345215,0.1208923310041427,0.2147151827812194
2,Q,Zaith,0.381261259317398,-1.2465201616287231,0.120257668197155,0.8585754036903381,0.3419197201728821,2.0707321166992188,4.962710380554199,28.304170608520508,6.768908977508545,12.0,1.3396703004837036,0.9710999727249146,2.942594051361084,1.919522881507873,1.5329819917678833,-0.8822975158691406,0.0144619066268205,0.7371517419815063,-0.0910974666476249,0.995783805847168,1.6942765712738037,0.6314854025840759,20.0,0.2219259291887283,0.0481134951114654,0.0374834649264812,0.7253921627998352,0.3117823600769043,0.4462246000766754
2,Q,Zaith,0.1997690349817276,-1.434944748878479,0.1472917944192886,0.8761753439903259,0.4827806055545807,2.307485342025757,4.100671768188477,13.414923667907717,4.155632019042969,10.0,1.1626850366592407,1.0322905778884888,2.6280970573425293,2.294001817703247,1.1456385850906372,-0.3174111843109131,0.0216948743909597,0.767683207988739,-0.0409630089998245,0.9747348427772522,1.6254881620407104,0.6283100247383118,20.0,0.977545976638794,0.2304626405239105,0.8595275282859802,1.925504446029663,0.1375658363103866,0.8257642388343811
2,Q,Zaith,0.443246066570282,-1.432820200920105,0.1142548099160194,0.560945451259613,0.3106050789356231,1.523365497589111,2.874683141708374,6.8937087059021,2.3302786350250244,7.0,1.1807626485824585,1.186736822128296,1.7842463254928589,1.4453835487365725,1.2344448566436768,-0.9571809768676758,0.0130541613325476,0.3146597743034363,-0.061346411705017,0.9967740178108216,1.7639731168746948,0.6261038780212402,20.0,0.0890728235244751,0.0297287888824939,-0.0423189587891101,0.3079975545406341,0.0645159855484962,0.1538872569799423
2,Q,Zaith,0.4289065599441528,-1.3934534788131714,0.113358549773693,0.6198021769523621,0.2918662130832672,1.4966427087783811,2.735037088394165,11.29872226715088,3.47805404663086,10.0,1.109897494316101,0.8876888751983643,1.7172116041183472,1.5052651166915894,1.1408034563064575,-0.9885080456733704,0.0128501616418361,0.3841547667980194,-0.0694524571299552,0.999283254146576,1.7497868537902832,0.6252669095993042,20.0,0.1305621415376663,0.0447978489100933,-0.1305621415376663,0.492276132106781,0.1678542196750641,0.1394885182380676
2,Q,Zaith,0.3823612332344055,-1.3286336660385132,0.1756342500448227,0.7028564810752869,0.4499521553516388,1.6719809770584106,3.7415480613708496,31.59439277648925,6.925240516662598,11.0,1.597501516342163,1.1521308422088623,2.6640079021453857,1.374014973640442,1.938849210739136,-0.9904696941375732,0.030847392976284,0.494007259607315,-0.1222692057490348,0.9989483952522278,1.8136857748031616,0.6113423109054565,20.0,0.1609767079353332,0.0519911646842956,-0.1264012157917022,0.5830946564674377,0.2138329148292541,0.1757145076990127
2,Q,Zaith,0.3947827816009521,-1.299822449684143,0.179801195859909,0.7606277465820312,0.4991993010044098,1.875327110290528,6.0381855964660645,20.170654296875,6.204729080200195,11.0,1.5931997299194336,1.157886028289795,3.822872877120972,1.323771595954895,2.887864351272583,-0.9263676404953004,0.0323284715414047,0.578554630279541,-0.1266916990280151,0.9927878975868224,1.7879645824432373,0.6297869086265564,20.0,0.1673261523246765,0.0517885610461235,-0.1129199415445327,0.6954843401908875,0.1883901357650756,0.2339650839567184
2,Q,Zaith,0.1569520831108093,-1.1392933130264282,0.1362578272819519,1.235658049583435,0.4257167875766754,3.057948350906372,6.715475559234619,44.98561477661133,9.994996070861816,10.0,0.9843420386314392,0.8161286115646362,4.318824291229248,2.596944570541382,1.6630406379699707,-0.222096785902977,0.0185661930590868,1.526850938796997,-0.0373940095305442,0.988454043865204,1.5955684185028076,0.7030227780342102,20.0,0.5409554243087769,0.2118002325296402,0.3307743072509765,1.2775555849075315,0.4307053089141845,1.171627640724182
2,Q,Zaith,0.444446325302124,-1.331182599067688,0.0905410721898078,0.5521968603134155,0.2516564726829529,1.3407338857650757,4.102834701538086,22.638916015625,6.133763790130615,13.0,1.6539143323898315,1.1158066987991333,2.708845853805542,1.1199910640716553,2.4186315536499023,-0.9769829511642456,0.0081976857036352,0.3049213886260986,-0.0488457269966602,0.9988371729850768,1.7298245429992676,0.6298434734344482,20.0,0.0927159860730171,0.0357583686709404,0.0655618757009506,0.2880293428897857,0.1150841116905212,0.2837166488170624
2,Q,Zaith,0.4192907512187958,-1.4962756633758545,0.0979337468743324,0.5088333487510681,0.2794379293918609,1.3229875564575195,2.5076982975006104,11.091631889343262,2.60587215423584,10.0,1.4894171953201294,1.1338096857070925,1.6018996238708496,1.3519459962844849,1.1848844289779663,-0.9584248661994934,0.0095910197123885,0.2589113712310791,-0.0477601885795593,0.997179627418518,1.7537329196929932,0.6161385178565979,20.0,0.0842265337705612,0.027212731540203,0.0192685779184103,0.3109937012195587,0.1753927171230316,0.25287926197052
2,Q,Zaith,0.4485386312007904,-1.3646059036254885,0.0963550880551338,0.6361905336380005,0.2612406611442566,1.554991602897644,2.9656126499176025,15.498967170715332,3.69478988647461,11.0,1.4947646856307983,1.063280463218689,1.8937435150146484,1.5512274503707886,1.2208032608032229,-0.9279494285583496,0.0092843025922775,0.4047384262084961,-0.056883480399847,0.9969361424446106,1.7108575105667114,0.6305121183395386,20.0,0.1916124373674392,0.0475514903664588,0.0635941326618194,0.8570138812065125,0.107728473842144,0.2119299620389938
2,Q,Zaith,0.4273124039173126,-1.2356325387954712,0.1477059721946716,0.7121689915657043,0.3703841865062713,1.755729913711548,3.281499147415161,14.224066734313965,3.8630425930023193,9.0,1.029391884803772,0.9802820086479188,1.977150797843933,1.770530104637146,1.1166999340057373,-0.9930642247200012,0.0218170545995235,0.5071846842765808,-0.1044620275497436,0.999452829360962,1.7740330696105957,0.6363130211830139,20.0,0.1361311674118042,0.0526959970593452,0.1158661842346191,0.4850841462612152,0.2734734117984772,0.4323590397834778
2,Q,Zaith,0.5666351318359375,-1.190690040588379,0.0994282886385917,0.7294856905937195,0.2728160917758941,1.906208157539368,4.188281059265137,15.784357070922852,4.008087158203125,8.0,1.2316770553588867,1.1354289054870603,2.9135422706604004,1.3911747932434082,2.094303607940674,-0.9539017677307128,0.0098859844729304,0.5321493744850159,-0.0691879391670227,0.9983819723129272,1.7002978324890137,0.6357635259628296,20.0,0.1541613638401031,0.0590203143656253,0.0836023390293121,0.4004952907562256,0.1688483506441116,0.203870490193367
2,Q,Zaith,0.6110617518424988,-1.3810137510299685,0.0231888145208358,0.5580965876579285,0.0913450196385383,1.4536528587341309,2.676597118377685,11.60035228729248,2.8759207725524902,11.0,1.313703536987305,1.0264921188354492,1.621388554573059,1.4485371112823486,1.119328260421753,-0.2158461958169937,0.0005377211491577,0.3114717900753021,-0.0027933947276324,0.9983543157577516,1.5797792673110962,0.6305292248725891,20.0,0.156220406293869,0.0550735220313072,0.1272426694631576,0.3873870968818664,0.1387831419706344,0.2970439791679382
2,Q,Zaith,0.6805888414382935,-1.2916444540023804,0.0433245003223419,0.481097400188446,0.1273260712623596,1.2049875259399414,2.565244197845459,10.63681697845459,3.0682413578033447,5.0,0.8078775405883789,0.9954439401626588,1.553591012954712,0.902463674545288,1.7214996814727783,0.8242537379264832,0.0018770124297589,0.2314547151327133,0.0171801727265119,0.9974284768104552,1.4965139627456665,0.6596378087997437,20.0,0.120603546500206,0.0499326065182685,0.1139847040176391,0.3381315469741821,0.1676150560379028,0.4167088568210602
2,Q,Zaith,0.9404323697090148,-1.0293375253677368,0.1727709621191024,0.5538931488990784,0.4388672411441803,1.6146950721740725,3.0349349975585938,11.484633445739746,3.3032538890838623,7.0,0.8744759559631348,1.0990517139434814,1.8165981769561768,1.6240198612213137,1.1185812950134275,0.9814799427986144,0.0298498068004846,0.3067976236343384,0.0939243510365486,0.997016966342926,1.2727959156036377,0.6232519745826721,20.0,0.8451368808746338,0.2713493704795837,0.8231685757637024,1.401898741722107,0.3325506448745727,0.1556954830884933
2,Q,Zaith,1.0525290966033936,-0.9202079176902772,0.2058900594711303,0.6258504986763,0.5252097249031067,1.643804669380188,3.16147255897522,9.146068572998049,2.7964861392974854,11.0,1.4592642784118652,1.2356927394866943,1.93714702129364,1.6418451070785522,1.1798598766326904,0.972317099571228,0.0423907153308391,0.3916888236999511,0.1252892762422561,0.995141863822937,1.2596495151519775,0.6336299180984497,20.0,0.8616554141044617,0.3244662880897522,0.7977114319801331,1.607671856880188,0.330975204706192,0.139944389462471
2,Q,Zaith,0.2944731414318084,-0.9089082479476928,0.1454468220472335,1.0613641738891602,0.3505623042583465,2.4488754272460938,7.033349514007568,45.18635940551758,10.922799110412598,12.0,1.438037395477295,1.0756113529205322,4.1137309074401855,2.427692174911499,1.694502592086792,-0.9433459639549256,0.0211547762155532,1.12649405002594,-0.1456262469291687,0.9979999661445618,1.699616312980652,0.7559494972229004,20.0,0.1130101457238197,0.0216121990233659,-0.0026378245092928,0.7051342725753784,0.072745643556118,0.740215539932251
2,Q,Zaith,0.4107112884521484,-1.3967829942703247,0.0974680557847023,0.6523646116256714,0.2583215534687042,1.6041245460510254,3.494523763656616,17.19063949584961,4.361510753631592,9.0,1.3228594064712524,1.1313424110412598,2.2312912940979004,1.4356961250305176,1.5541528463363647,-0.9338856339454652,0.0095000220462679,0.4255796074867248,-0.0593808516860008,0.9972541332244872,1.7098149061203003,0.6336175799369812,20.0,0.1551776081323623,0.0413640066981315,0.0454765744507312,0.6911380290985107,0.0671281442046165,0.1881615817546844
2,Q,Zaith,0.390528529882431,-1.25201153755188,0.1240117102861404,0.6102905869483948,0.3300984799861908,1.5119260549545288,3.790127038955689,18.938907623291016,4.661102771759033,8.0,1.1343504190444946,1.0462504625320437,2.324012756347656,1.2039440870285034,1.9303327798843384,-0.9662236571311952,0.0153789035975933,0.3724546134471893,-0.073126882314682,0.9974581003189088,1.765168309211731,0.6310766935348511,20.0,2.9513630867004395,0.5971550345420837,0.0117846261709928,10.279464721679688,0.1681787818670272,0.3926164507865906
2,Q,Zaith,-0.2586369514465332,-1.4272511005401611,0.0334697887301445,0.640107274055481,0.0959992781281471,1.505794882774353,2.7119061946868896,18.19875717163086,4.500507831573486,11.0,1.6187639236450195,1.116062879562378,1.72966730594635,1.444940447807312,1.197050929069519,0.6019517183303833,0.001120226806961,0.4097372889518738,0.0128963673487305,0.9982600808143616,1.5392770767211914,0.6364244222640991,20.0,0.0613908097147941,0.017016602680087,0.0008329267147928,0.4003880620002746,0.0889656692743301,0.0942283943295478
2,Q,Zaith,-0.1772652417421341,-1.4758251905441284,0.035715214908123,0.3555313944816589,0.1628129631280899,1.078083038330078,3.2281911373138428,8.995927810668945,2.7534842491149902,5.0,0.7947613596916199,0.969302237033844,2.047852039337158,0.2202163189649582,9.299274444580078,0.6402932405471802,0.001275576534681,0.1264025866985321,0.0081303669139742,0.9940950870513916,1.5061814785003662,0.6294522285461426,20.0,0.052848108112812,0.0159357711672782,-0.0051531866192817,0.2488733977079391,0.0579663179814815,0.1747805327177047
2,Q,Zaith,-0.2804202437400818,-1.5386563539505005,0.0420998446643352,0.649155855178833,0.1522134989500045,1.5009469985961914,2.542123556137085,14.83173370361328,3.777155637741089,10.0,1.448654055595398,1.2066876888275146,1.825926780700684,1.4137202501296997,1.2915757894515991,0.4896807372570038,0.0017723969649523,0.4214033186435699,0.0133826620876789,0.9968090653419496,1.5389479398727417,0.6453415155410767,20.0,0.0506372414529323,0.013598614372313,-0.0012161628110334,0.1800952851772308,0.0419374257326126,0.2665931582450866
2,Q,Zaith,-0.2150803506374359,-1.5514651536941528,0.0450831614434719,0.5035923719406128,0.1318937987089157,1.251595973968506,2.174698829650879,7.590540409088135,2.2619807720184326,10.0,1.2210636138916016,1.0827728509902954,1.418179988861084,1.1735715866088867,1.2084307670593262,0.9447026252746582,0.0020324913784861,0.2536052763462066,0.0214480888098478,0.9991503357887268,1.4863524436950684,0.6273868083953857,20.0,0.0268144067376852,0.0064974124543368,-0.0086788991466164,0.1748521775007248,0.0479493550956249,0.196945235133171
2,Q,Zaith,0.0087481085211038,-1.2350680828094482,0.1075748056173324,0.9530351161956788,0.4068089127540588,2.4670279026031494,6.120926856994629,30.72962760925293,7.286035537719727,9.0,1.1513583660125732,1.0164567232131958,4.197827339172363,1.997637152671814,2.101396083831787,0.3269993662834167,0.0115723386406898,0.9082759022712708,0.0335248112678527,0.9886527061462402,1.53347909450531,0.6940099000930786,20.0,0.2789817452430725,0.0721989199519157,0.0905796661972999,1.3933919668197632,0.1610070168972015,0.3816696107387543
2,Q,Zaith,-0.0003468005161266,-1.3929203748703003,0.1144849136471748,0.8793899416923523,0.5295732617378235,2.31424331665039,7.493309020996094,26.72405815124512,8.580070495605469,13.0,1.2931233644485474,0.863057553768158,4.440413951873779,1.8699676990509035,2.374593734741211,0.5710282325744629,0.0131067959591746,0.7733266949653625,0.0574893429875373,0.98870450258255,1.4957431554794312,0.6250069737434387,20.0,2.642562866210937,0.6921983361244202,-0.4681657254695892,8.54263687133789,0.3175271153450012,0.6760724186897278
2,Q,Zaith,0.0865039378404617,-1.19613516330719,0.1507049351930618,0.7553116083145142,0.4694541692733764,2.150658369064331,5.330007553100586,40.97755432128906,10.248580932617188,15.0,1.3826123476028442,0.848261296749115,3.4645557403564453,1.5522230863571167,2.2319960594177246,-0.7789876461029053,0.0227119792252779,0.5704956650733948,-0.0886715352535247,0.9850878715515136,1.7273452281951904,0.7132558226585388,20.0,0.26788529753685,0.0579826720058918,-0.0533398576080799,0.7631708383560181,0.160484492778778,0.3597199320793152
2,Q,Zaith,-0.2291720658540725,-0.8496620655059814,0.0601445026695728,0.6701878905296326,0.188626691699028,1.71384859085083,4.163290977478027,19.49754524230957,5.298096656799316,10.0,1.490509271621704,1.1123112440109253,2.554464340209961,1.4603369235992432,1.7492295503616333,0.9323312044143676,0.0036173611879348,0.4491517841815948,0.0375805124640464,0.9989615082740784,1.4872337579727173,0.6155582070350647,20.0,0.0970242619514465,0.0308464914560318,0.0486610643565654,0.4712799191474914,0.1021210849285125,0.5405203104019165
2,Q,Zaith,-0.3308629989624023,-1.1580811738967896,0.1307633817195892,0.6157801747322083,0.3690168261528015,1.6500766277313232,3.146974563598633,12.5039644241333,2.942960500717163,7.0,0.9254828095436096,0.8816236257553101,1.9024429321289065,1.625216364860535,1.1705782413482666,-0.9281761050224304,0.0170990638434886,0.3791852295398712,-0.0747381374239921,0.9942159056663512,1.7665506601333618,0.6176347136497498,20.0,0.1034587994217872,0.0254704039543867,-0.0012565666111186,0.4383521676063537,0.0750563517212867,0.3587440252304077
2,Q,Zaith,-0.329563170671463,-0.9971985816955566,0.0875562205910682,0.7024555802345276,0.2494934797286987,1.7280597686767578,4.548140048980713,19.855323791503903,5.792892456054688,13.0,1.981946468353272,1.1398491859436035,2.4679768085479736,1.6256917715072632,1.518108606338501,-0.9728605151176452,0.0076660919003188,0.4934438467025757,-0.0598351620137691,0.9991921186447144,1.6915655136108398,0.6294373869895935,20.0,0.0416476912796497,0.0127736134454607,0.0188260972499847,0.2618202567100525,0.1522281914949417,0.776445209980011
2,Q,Zaith,-0.182668536901474,-1.5053576231002808,0.0313647426664829,0.6806751489639282,0.1047423183917999,1.7848591804504397,3.155043125152588,8.99221420288086,3.258995294570923,6.0,0.9026687145233154,0.9302836060523988,1.9473683834075928,1.7506190538406372,1.1123883724212646,-0.4192233383655548,0.0009837471880018,0.4633186757564544,-0.0089500844478607,0.99825119972229,1.5901451110839844,0.6322118043899536,20.0,0.0645037442445755,0.0155696244910359,-0.0061512640677392,0.3269113898277282,0.0616197548806667,0.3620571196079254
2,Q,Zaith,-0.2113664299249649,-1.118142008781433,0.0590029209852218,0.7721143364906311,0.1993546336889267,1.9209822416305544,5.188941478729248,18.04526138305664,5.60960054397583,7.0,1.0742518901824951,1.11410653591156,3.315723419189453,1.842051863670349,1.8000164031982422,0.1699561178684234,0.0034813445527106,0.5961605310440063,0.0077426908537745,0.9943310022354126,1.5577354431152344,0.6668016910552979,20.0,0.168278768658638,0.0502185970544815,0.0592597983777523,0.6120783090591431,0.0880119577050209,0.4835043847560882
2,Q,Zaith,-0.1423275172710418,-1.0984715223312378,0.0476235412061214,0.674108624458313,0.1535339951515197,1.810863256454468,5.053683757781982,22.87564468383789,6.067370891571045,8.0,1.4693013429641724,1.1753968000411987,3.024869680404663,1.8104326725006104,1.6707993745803833,-0.2539548873901367,0.0022680016700178,0.4544224143028259,-0.0081528248265385,0.995333969593048,1.5888196229934692,0.6200246810913086,20.0,0.1698215901851654,0.0464947670698165,0.0465087853372097,0.7201912999153137,0.0814385041594505,0.3122732639312744
2,Q,Zaith,-0.118568368256092,-1.0931216478347778,0.0546047799289226,0.6594586372375488,0.1618555784225464,1.795086145401001,3.051213026046753,10.879267692565918,2.777254104614258,9.0,1.1196686029434204,0.8209387063980103,2.068908452987671,1.766332745552063,1.1713016033172607,0.0637436583638191,0.0029816820751875,0.4348856508731842,0.0022953832522034,0.9931719899177552,1.5654819011688232,0.6315984129905701,20.0,0.1658470183610916,0.0441298745572567,0.101698525249958,0.5251646637916565,0.109146699309349,0.1689085811376571
2,Q,Zaith,-0.2179398983716964,-1.1070448160171509,0.1186181381344795,0.8348264098167419,0.5150991082191467,2.165169715881348,5.617953300476074,24.617944717407227,6.686869621276856,8.0,1.2990496158599854,1.1968754529953003,3.414116144180298,1.728696346282959,1.9749658107757568,0.7934475541114807,0.0140702622011303,0.6969351768493652,0.0785715878009796,0.9927091598510742,1.4577035903930664,0.6534345149993896,20.0,0.2686153650283813,0.0634469762444496,0.0547026954591274,1.0167460441589355,0.1022421866655349,0.5049759149551392
2,Q,Zaith,-0.1800396591424942,-1.3321250677108765,0.0473046116530895,0.765910804271698,0.1682261377573013,2.0490527153015137,3.9672532081604,13.117143630981444,4.193387508392334,5.0,0.7840796113014221,0.9532113075256348,2.4856765270233154,1.7645493745803833,1.408674955368042,0.772251546382904,0.0022377262357622,0.5866193771362305,0.0279795322567224,0.9984673261642456,1.5230629444122314,0.6332730054855347,20.0,0.100920595228672,0.0300585944205522,0.0279738493263721,0.4864550530910492,0.0535883381962776,0.1722844988107681
2,Q,Zaith,-0.0840518474578857,-1.514196515083313,0.0746422633528709,0.5141106247901917,0.221992090344429,1.4347469806671145,2.557509660720825,11.955954551696776,3.1749868392944336,2.0,0.4825706779956817,0.6284030675888062,1.5455408096313477,1.4148080348968506,1.0924031734466553,0.6954745054244995,0.0055714678019285,0.2643097341060638,0.0266884043812751,0.9893373847007751,1.469075083732605,0.6719750761985779,20.0,0.1068147048354148,0.0392032973468303,0.0631260797381401,0.3578279912471771,0.0819901004433631,0.2107556611299514
2,Q,Zaith,-0.1235369071364402,-1.1290873289108276,0.0292828902602195,0.7699410915374756,0.1047220081090927,1.866521596908569,3.6425840854644775,12.45710277557373,4.064551830291748,8.0,0.9023517966270448,0.7688727378845215,2.2625181674957275,1.6123104095458984,1.403277039527893,-0.4279258251190185,0.0008574877283535,0.5928093194961548,-0.0096480594947934,0.9988190531730652,1.5870893001556396,0.6347724795341492,20.0,0.0969283059239387,0.0220488719642162,0.0306369010359048,0.4748110175132751,0.038825299590826,0.4010926783084869
2,Q,Zaith,-0.2212347835302353,-1.3629029989242554,0.0283308736979961,0.6331076622009277,0.0952765494585037,1.5775723457336426,2.733441114425659,13.877630233764648,3.86926531791687,7.0,0.8574866652488708,0.8853781819343567,1.657700538635254,1.551527976989746,1.0684309005737305,-0.684119701385498,0.0008026384166441,0.4008253216743469,-0.0122707085683941,0.9989367127418518,1.6014329195022583,0.6215624213218689,20.0,0.1025770604610443,0.0382230505347251,0.0862945988774299,0.2864904403686523,0.1171350553631782,0.1951873153448104
2,Q,Zaith,-0.197047621011734,-1.3918198347091677,0.0275321919471025,0.6489919424057007,0.0897402763366699,1.7347921133041382,3.332636594772339,10.771005630493164,3.486170053482056,7.0,1.300456404685974,1.2275757789611816,2.08357572555542,1.5767652988433838,1.321424126625061,-0.2495656311511993,0.000758021546062,0.4211905300617218,-0.0044592809863388,0.998312771320343,1.5814011096954346,0.6153417825698853,20.0,0.160281553864479,0.0605231821537017,0.1448115706443786,0.4084550738334656,0.1181641593575477,0.2594601809978485
2,Q,Zaith,-0.1492791473865509,-1.2678531408309937,0.1541028320789337,0.6770545840263367,0.5153652429580688,1.846897006034851,3.816952228546143,22.88576889038086,5.618171215057373,11.0,1.4617003202438354,1.1111093759536743,2.291567802429199,1.7314964532852173,1.3234609365463257,0.8785991668701172,0.0237476844340562,0.4584029018878937,0.0916695520281791,0.9890859127044678,1.3712162971496582,0.6206300258636475,20.0,0.5114529728889465,0.1399510204792022,0.3848426043987274,1.0970360040664673,0.2097408473491668,0.233528584241867
2,Q,Zaith,-0.1413559168577194,-1.2783446311950684,0.0439484231173992,0.5329880118370056,0.1546698361635208,1.35504150390625,3.019748449325561,12.26272964477539,3.678698539733887,11.0,1.470686674118042,1.2177917957305908,1.849591612815857,1.296886920928955,1.4261780977249146,0.8215787410736084,0.0019314638338983,0.2840762436389923,0.0192446466535329,0.997810423374176,1.5030063390731812,0.6311137080192566,20.0,0.258021742105484,0.0919351652264595,0.2515904605388641,0.5477911233901978,0.0630125254392623,0.4616629481315613
2,Q,Zaith,-0.2158806025981903,-1.3102186918258667,0.2143082171678543,0.7183372378349304,0.6832553744316101,1.943920016288757,7.3427042961120605,38.1126594543457,11.649724006652832,15.0,1.845803022384644,1.055286884307861,4.660194396972656,1.3969101905822754,3.336073160171509,0.7730798125267029,0.0459280125796794,0.5160083770751953,0.1190122216939926,0.9678289890289308,1.336439609527588,0.6254028081893921,20.0,0.4129873216152191,0.1366230547428131,0.0482767820358276,1.5953408479690552,0.2413283437490463,1.0470060110092163
2,Q,Zaith,-0.1632536649703979,-1.5028212070465088,0.0414014086127281,0.6308972239494324,0.1727853268384933,1.734451413154602,3.1915056705474854,25.49700164794922,5.902845859527588,8.0,1.0010950565338137,1.0063532590866089,1.9492539167404173,1.7115797996520996,1.138862371444702,-0.0151855247095227,0.0017140767304226,0.3980312943458557,-0.0003966464137192,0.995694637298584,1.5717971324920654,0.6232739090919495,20.0,0.1819945275783538,0.060059517621994,0.1320211291313171,0.424222856760025,0.1048539504408836,0.1691147834062576
2,Q,Zaith,-0.4537872076034546,-1.0783594846725464,0.0901127234101295,0.7597487568855286,0.2632806301116943,2.011390686035156,2.9429731369018555,12.026299476623535,3.627424716949463,9.0,1.2218835353851318,0.9222292304039,2.2236011028289795,1.959914803504944,1.1345397233963013,-0.9826975464820862,0.0081203030422329,0.5772181749343872,-0.0672784522175788,0.9995302557945251,1.6868839263916016,0.674039900302887,20.0,0.2327548563480377,0.0751850754022598,-0.2108587771654129,0.4077440500259399,0.1282313615083694,0.1695060431957245
2,Q,Zaith,-0.4724372625350952,-0.9176516532897948,0.0247845966368913,0.6928547620773315,0.098946526646614,1.689805507659912,3.2435860633850098,9.76016330718994,3.15806531906128,9.0,1.1877615451812744,1.105860471725464,2.0481865406036377,1.6144977807998655,1.2686214447021484,-0.7081350088119507,0.000614276214037,0.480047732591629,-0.0121601838618516,0.9993628859519958,1.5961382389068604,0.6300079226493835,20.0,0.1707426309585571,0.0645133033394813,-0.1620764434337616,0.4346900880336761,0.0514218434691429,0.2636711299419403
2,Q,Zaith,-0.183698683977127,-1.2806179523468018,0.0471790544688701,0.6211146712303162,0.1650691330432891,1.7431467771530151,3.622169017791748,21.97357749938965,5.3487229347229,7.0,1.0686476230621338,1.062875747680664,2.2316880226135254,1.456375002861023,1.5323580503463743,-0.3738380074501037,0.0022258630488067,0.3857834637165069,-0.0109548009932041,0.9950446486473083,1.5993263721466064,0.636864185333252,20.0,0.1543706208467483,0.0372097492218017,0.0172418095171451,0.5139690041542053,0.1037505269050598,0.1921346634626388
2,Q,Zaith,-0.1473456025123596,-1.1139249801635742,0.0360514894127845,0.5831301808357239,0.113801397383213,1.633868932723999,4.7289137840271,32.061729431152344,7.320313930511475,10.0,1.4348920583724976,1.122880220413208,2.911048412322998,1.2515164613723757,2.326016902923584,0.6044415831565857,0.0012997100129723,0.3400408029556274,0.0127070015296339,0.9975810050964355,1.5333540439605713,0.6300442218780518,20.0,0.1410369277000427,0.0400221906602382,-0.0327129550278186,0.4798743724822998,0.0810563638806343,0.299060046672821
2,Q,Zaith,-0.1846598088741302,-1.0550886392593384,0.028052007779479,0.5647150278091431,0.0946364104747772,1.569568753242493,3.622821569442749,10.6881103515625,3.0571508407592773,10.0,1.392327904701233,1.1121912002563477,2.688758373260498,1.16700279712677,2.3039863109588623,0.6931130886077881,0.0007869151304475,0.3189030587673187,0.010979875922203,0.99872088432312,1.5363357067108154,0.6504635810852051,20.0,0.161979392170906,0.0413866713643074,-0.035385388880968,0.7687555551528931,0.0583742596209049,0.4170115888118744
2,Q,Zaith,-0.2733771204948425,-1.5159368515014648,0.0588357336819171,0.5649799704551697,0.1713695675134658,1.669255018234253,3.795066118240357,15.657176971435549,4.934515953063965,6.0,0.9852349758148192,1.0799362659454346,2.2240102291107178,1.3153029680252075,1.6908730268478394,0.926334023475647,0.0034616435877978,0.3192023336887359,0.0307922773063182,0.9984893798828124,1.4744815826416016,0.6286088228225708,20.0,0.1077934429049491,0.0268071126192808,-0.0158360488712787,0.389566570520401,0.0429831445217132,0.2970345914363861
2,Q,Zaith,-0.2634097933769226,-1.2681962251663208,0.031938511878252,0.4595474898815155,0.1195902377367019,1.2690904140472412,2.933337450027466,11.68622875213623,2.7985951900482178,7.0,1.1073384284973145,1.016401290893555,1.795039176940918,1.0648194551467896,1.6857686042785645,0.3264475464820862,0.0010200686519965,0.2111838907003402,0.0047913566231727,0.9956889748573304,1.5480139255523682,0.6184505224227905,20.0,0.0666482895612716,0.0198319312185049,-0.0414604730904102,0.32703697681427,0.0652974247932434,0.4483461081981659
2,Q,Zaith,-0.2401672005653381,-0.8511396646499634,0.0249525792896747,0.5194178819656372,0.0782666429877281,1.7323271036148071,6.328373432159424,21.45372200012207,4.999640464782715,7.0,0.9715909957885742,1.0981829166412354,3.94187068939209,0.514410674571991,7.662886619567871,0.1048333570361137,0.0006226312252692,0.2697949707508087,0.0013587259454652,0.9977176785469056,1.565748691558838,0.6305912733078003,20.0,0.0553198345005512,0.0178288836032152,0.0356454402208328,0.4603947103023529,0.0693858563899993,0.3537192046642303
2,Q,Zaith,-0.2636845111846924,-1.497219443321228,0.084986500442028,0.4203326404094696,0.2361078411340713,1.1690655946731567,2.2428746223449707,14.37831687927246,3.315072774887085,11.0,1.1616109609603882,0.8563534021377563,1.3614826202392578,1.1543829441070557,1.1794029474258425,0.5919395089149475,0.0072227050550282,0.1766795367002487,0.0211456175893545,0.9742081761360168,1.448509693145752,0.6322323083877563,20.0,0.1123604923486709,0.0400114245712757,0.0761778876185417,0.3668297231197357,0.0612258128821849,0.3513751924037933
2,Q,Zaith,-0.3634730875492096,-1.1136143207550049,0.0268230363726615,0.6460421681404114,0.1137400120496749,1.6661406755447388,3.3877816200256348,18.56024169921875,5.088676452636719,12.0,1.7323325872421265,1.1030584573745728,2.3865861892700195,1.6227368116378784,1.4707167148590088,-0.4792293608188629,0.0007194752688519,0.417370468378067,-0.0083044758066535,0.998673141002655,1.590717315673828,0.6505529880523682,20.0,0.2064898163080215,0.058757234364748,-0.1830240339040756,0.4704547822475433,0.1514827460050583,0.2573809623718261
2,Q,Zaith,-0.3650087118148803,-0.9904738664627076,0.0264835003763437,0.529871940612793,0.081612579524517,1.4908605813980105,3.4363574981689453,17.74303436279297,4.28365421295166,14.0,1.8771405220031736,1.1366798877716064,2.1039257049560547,1.3345725536346436,1.5764790773391724,0.6887659430503845,0.0007013757713139,0.2807642519474029,0.0096653578802943,0.998690128326416,1.5363396406173706,0.6331130266189575,20.0,0.0836040526628494,0.0188824087381362,-0.0462953746318817,0.2935194671154022,0.0664181187748909,0.4133518040180206
2,Q,Zaith,-0.2466162890195846,-1.2686535120010376,0.024035133421421,0.3228376507759094,0.0852352306246757,1.2239277362823486,3.1565966606140137,20.177387237548828,4.823257923126221,13.0,1.7759079933166504,1.0729836225509644,1.9376617670059204,0.8325406908988953,2.3274078369140625,0.7762460112571716,0.0005776876350864,0.1042241379618644,0.0060232384130358,0.9978117346763612,1.5129425525665283,0.6319186091423035,20.0,0.0905786827206611,0.0260083749890327,0.0581280142068862,0.4069076776504516,0.0994541049003601,0.1980903893709182
2,Q,Zaith,-0.1667266488075256,-0.9122055172920228,0.0200042948126792,0.6741377711296082,0.0750840827822685,1.5987184047698977,3.903729915618897,31.374982833862305,7.022380828857422,15.0,2.007471799850464,0.9862459301948548,2.316955089569092,1.5836186408996582,1.46307635307312,-0.1699597686529159,0.0004001717898063,0.4544617235660553,-0.0022920181509107,0.9991449117660522,1.5758439302444458,0.6232116222381592,20.0,0.0915413945913314,0.0240406394004821,0.059606846421957,0.5149978995323181,0.0384298935532569,0.2871284782886505
2,Q,Zaith,-0.3442239463329315,-0.9782314300537108,0.0512845106422901,0.6444571018218994,0.1567777395248413,1.5715725421905518,2.792283296585083,15.640973091125488,4.046835422515869,11.0,1.3175748586654663,0.9654635787010192,1.820549845695496,1.5424458980560305,1.1803005933761597,-0.8475656509399414,0.0026301010511815,0.4153249263763428,-0.0280126091092824,0.9982326626777648,1.6382611989974976,0.6345893740653992,20.0,0.1801781505346298,0.0589897036552429,-0.1527312844991684,0.4988230168819427,0.0707283392548561,0.199533462524414
2,Q,Zaith,-0.2160081267356872,-1.078492283821106,0.0343735516071319,0.892970621585846,0.1155518665909767,2.0658016204833984,4.018187522888184,27.05283546447754,7.177844047546387,10.0,1.5719133615493774,1.111662983894348,2.641408681869507,2.029516696929932,1.3014963865280151,0.523523211479187,0.0011815411271527,0.7973965406417847,0.016069320961833,0.9989252090454102,1.5506250858306885,0.6349623203277588,20.0,0.2079515010118484,0.0542762205004692,-0.0558339059352874,0.7778160572052002,0.0721641108393669,0.7438501715660095
2,Q,Zaith,-0.1975197792053222,-1.4009795188903809,0.0771971866488456,0.6195576786994934,0.2792915999889374,1.632498264312744,4.12454080581665,27.00198173522949,6.21110725402832,5.0,0.934941291809082,0.8569784164428711,2.4799880981445312,1.602897882461548,1.5471903085708618,-0.0603333190083503,0.0059594055637717,0.3838517069816589,-0.00288562849164,0.9845330119132996,1.5784318447113037,0.622270405292511,20.0,0.1695868372917175,0.055240973830223,-0.0425477847456932,0.6630281805992126,0.0800974071025848,0.4963307082653045
2,Q,Zaith,0.0002177148126065,-1.057292103767395,0.0739028006792068,0.7443267107009888,0.3018963634967804,2.005227565765381,4.542826652526856,22.981544494628903,6.120389461517334,12.0,1.5139071941375732,1.0567035675048828,3.0324110984802246,1.314377784729004,2.30710768699646,-0.4453811645507812,0.0054616234265267,0.5540221929550171,-0.0244994480162858,0.9921284317970276,1.6153393983840942,0.6225975155830383,20.0,0.2374678552150726,0.0872147530317306,0.0532239452004432,0.7934048175811768,0.105774849653244,0.2238217294216156
2,Q,Zaith,-0.0341650769114494,-1.1653597354888916,0.0905688777565956,0.6857534050941467,0.3629941344261169,2.1416056156158447,8.47073745727539,40.27008056640625,10.990062713623049,12.0,1.970997095108032,1.2084102630615234,5.29549503326416,1.1279239654541016,4.694904327392578,-0.7155612707138062,0.0082027213647961,0.4702576994895935,-0.0444420166313648,0.9916395545005798,1.6658189296722412,0.6318953037261963,20.0,0.1903544217348098,0.0596340037882328,-0.0057281553745269,0.608020007610321,0.0993838161230087,0.2568983733654022
2,Q,Zaith,-0.076466217637062,-1.1333990097045898,0.0866752937436103,0.7263559699058533,0.3244715631008148,1.9786317348480225,5.869179248809815,32.9652214050293,8.36837100982666,14.0,1.5769792795181274,0.9365543127059937,3.696411609649658,1.258092999458313,2.938106775283813,-0.6377610564231873,0.0075126062147319,0.5275930166244507,-0.0401515960693359,0.99165016412735,1.647394061088562,0.6342759728431702,20.0,0.1854078918695449,0.0442500300705432,-0.0434498116374015,0.5760770440101624,0.1044574230909347,0.3807349801063537
2,Q,Zaith,-0.1077139526605606,-1.2401012182235718,0.0746012926101684,0.6291265487670898,0.1993427723646164,1.855778336524964,5.2296223640441895,23.31377220153809,6.658602237701416,12.0,1.606372356414795,1.1395505666732788,3.0264718532562256,1.4664992094039917,2.06373929977417,0.4283387660980224,0.0055653532035648,0.3958002030849457,0.0201035048812627,0.9885784983634948,1.5194610357284546,0.6533622145652771,20.0,0.1866022795438766,0.069322720170021,0.1400704532861709,0.50870281457901,0.1065273582935333,0.4457410275936126
2,Q,Zaith,-0.1099217310547828,-1.3766560554504397,0.0648586601018905,0.3992162346839905,0.2120939046144485,1.1101983785629272,2.5368363857269287,15.314960479736328,3.4339098930358887,11.0,1.498174786567688,1.0203027725219729,1.5580919981002808,0.8502023816108704,1.8326131105422967,0.4277505278587341,0.0042066457681357,0.1593735963106155,0.0110755860805511,0.978645920753479,1.4998968839645386,0.6259893774986267,20.0,0.1842606365680694,0.0742638036608696,0.1343358606100082,0.5422786474227905,0.0903143882751464,0.2725341618061065
2,Q,Zaith,-0.1427215039730072,-1.352383375167847,0.0728279054164886,0.4809705913066864,0.2389293015003204,1.2433265447616575,2.659675359725952,11.350909233093262,2.762704372406006,10.0,1.4321904182434082,1.1912933588027954,1.5328223705291748,1.2290370464324951,1.2471734285354614,0.4753306806087494,0.0053039039485156,0.2313327193260193,0.0166499223560094,0.982438325881958,1.4976595640182495,0.6138123273849487,20.0,0.1865150034427642,0.0632588118314743,0.1355893611907959,0.5579591393470764,0.0903470292687416,0.3167851865291595
2,Q,Zaith,-0.1856256127357483,-1.33356511592865,0.0414211638271808,0.7615811824798584,0.1428803950548172,1.892871379852295,3.398769855499268,18.29965782165528,5.1551713943481445,9.0,1.2148041725158691,1.0312750339508057,2.356518745422364,1.870491623878479,1.2598391771316528,0.4216986000537872,0.0017157127149403,0.580005943775177,0.0133027266710996,0.9975705146789552,1.5478090047836304,0.6238445043563843,20.0,0.2240729629993438,0.0668764933943748,0.0749671161174774,0.8121117353439331,0.0578777603805065,0.195011019706726
2,Q,Zaith,-0.1622119843959808,-1.0535367727279663,0.0501340590417385,0.7291292548179626,0.1987341791391372,1.9467426538467407,5.009859561920166,20.968305587768555,5.315385818481445,11.0,1.5359317064285278,1.1106339693069458,3.1990795135498047,1.5919554233551023,2.009528160095215,0.2717266082763672,0.0025134237948805,0.5316294431686401,0.0099327508360147,0.9956243634223938,1.5520328283309937,0.6307756900787354,20.0,0.2361947149038314,0.0721463561058044,0.0671581625938415,0.9520313739776612,0.092739462852478,0.4541264176368713
2,Q,Zaith,-0.1592651754617691,-1.2505000829696655,0.0326904319226741,0.7074647545814514,0.1405560970306396,2.2583515644073486,5.683161735534668,29.153324127197266,8.13508129119873,11.0,1.7553871870040894,1.0995163917541504,3.88948130607605,1.3829059600830078,2.812542200088501,-0.5414296388626099,0.0010686644818633,0.5005063414573669,-0.0125218210741877,0.9984926581382751,1.5958471298217771,0.660000205039978,20.0,0.1086935475468635,0.0355241373181343,0.0419806502759456,0.5741957426071167,0.0544914565980434,0.2932018935680389
2,Q,Zaith,-0.1859593689441681,-1.3610721826553345,0.0468772836029529,0.6609178185462952,0.1981892138719558,1.805517077445984,4.1404571533203125,19.173730850219727,5.057947158813477,11.0,1.3375544548034668,0.979506254196167,2.7484850883483887,1.3968629837036133,1.967612385749817,-0.0820961147546768,0.0021974795963615,0.4368123412132263,-0.0025435043498873,0.9950035214424132,1.5766483545303345,0.6376683115959167,20.0,0.1293836683034896,0.0366348214447498,0.0191478356719017,0.5041544437408447,0.0825044959783554,0.4581944644451141
2,Q,Zaith,-0.1411390304565429,-1.036005973815918,0.0633660182356834,0.6978574395179749,0.273070365190506,2.3569579124450684,8.190286636352539,64.8747329711914,14.242714881896973,10.0,1.1833577156066897,1.0056772232055664,4.789595603942871,1.23679518699646,3.872586250305176,-0.6317058801651001,0.0040152519941329,0.4870050251483917,-0.0279343165457248,0.995077908039093,1.6283767223358154,0.6250026226043701,20.0,0.1225785166025161,0.0363463163375854,0.022363731637597,0.9104931354522704,0.1150514185428619,0.5793353319168091
2,Q,Zaith,-0.1446368545293808,-1.3550342321395874,0.085981085896492,0.625710666179657,0.256017655134201,1.52099871635437,3.18461275100708,16.949047088623047,4.150661468505859,11.0,1.6713157892227173,1.1706308126449585,2.1272404193878174,1.5236543416976929,1.3961435556411743,0.4868122637271881,0.0073927473276853,0.391513854265213,0.0261901523917913,0.9857223629951476,1.5030323266983032,0.6175643801689148,20.0,0.1760838478803634,0.0562184490263462,0.0830245465040206,0.6501640677452087,0.0750815346837043,0.2896611988544464
2,Q,Zaith,-0.1358492523431778,-1.20312762260437,0.050155721604824,0.6898937225341797,0.1888907104730606,1.881113886833191,5.150894165039063,26.02153968811035,7.130362987518311,10.0,1.382546067237854,0.9963529706001282,3.356001138687134,1.8405953645706177,1.8233236074447632,0.2265603989362716,0.0025155963376164,0.4759533107280731,0.0078394692391157,0.9949886202812196,1.554243803024292,0.6289082169532776,20.0,0.1200903207063674,0.0385274514555931,0.0557339154183864,0.4887497723102569,0.0553410947322845,0.3766548037528991
2,Q,Zaith,-0.1221550032496452,-1.1963424682617188,0.0548707507550716,0.5528554916381836,0.2096522748470306,1.4070703983306885,3.3677964210510254,20.81382369995117,4.962566375732422,14.0,1.6052714586257937,1.0846420526504517,1.9001352787017824,1.3310245275497437,1.427573561668396,0.163995549082756,0.0030107994098216,0.3056492209434509,0.0049749030731618,0.9904195666313172,1.5543638467788696,0.6608633995056152,20.0,0.1545590162277221,0.0492231659591198,0.0705989375710487,0.552233099937439,0.0907614305615425,0.3385752141475677
2,Q,Zaith,-0.1885009855031967,-1.0298124551773071,0.0590982474386692,0.8160936832427979,0.2179876863956451,1.9548215866088867,4.822598457336426,27.651317596435547,6.274000644683838,7.0,1.0195468664169312,0.9949957132339478,3.2546658515930176,1.821377158164978,1.7869257926940918,0.1575661152601242,0.0034926028456538,0.6660089492797852,0.0075993672944605,0.9948874711990356,1.5593278408050537,0.6229611039161682,20.0,0.268582671880722,0.0717744007706642,-0.0023414504248648,0.8030464053153992,0.1066661849617958,0.4274660348892212
2,Q,Zaith,-0.3941892683506012,-1.2427412271499634,0.0463773198425769,0.845615029335022,0.1649059355258941,2.205225944519043,4.085857391357422,31.77692413330078,7.563982009887695,13.0,1.631922721862793,1.005966305732727,2.551351308822632,2.150569438934326,1.1863608360290527,-0.4059409499168396,0.0021508557256311,0.7150647640228271,-0.0159199312329292,0.9974902272224426,1.593112230300903,0.6216999888420105,20.0,0.0842406153678894,0.021522345021367,-0.036652036011219,0.2831571996212005,0.1629829853773117,0.4089969396591186
2,Q,Zaith,-0.9937102794647216,-0.7738873362541199,0.1647457480430603,0.6646842956542969,0.3807460367679596,1.6972596645355225,2.9836018085479736,13.844456672668455,3.584073543548584,10.0,1.3370575904846191,1.1306933164596558,1.875609993934632,1.7280800342559814,1.0853722095489502,-0.9335755109786988,0.027141161262989,0.4418052434921264,-0.1022301763296127,0.992896854877472,1.799842357635498,0.6238572001457214,20.0,0.9147488474845886,0.3460606336593628,-0.91272634267807,1.5914644002914429,0.0999999865889549,0.118947684764862
2,Q,Zaith,-0.8656365275382996,-0.9477763175964355,0.2313739359378814,0.6069018840789795,0.5409671664237976,1.6851959228515625,3.1499271392822266,12.981950759887695,3.446641683578491,5.0,0.9736069440841676,1.0308107137680054,1.9294984340667725,1.7218458652496338,1.1205987930297852,-0.9494367837905884,0.0535339005291461,0.3683298528194427,-0.1333211213350296,0.9888336658477784,1.9221805334091189,0.6291738748550415,20.0,0.8414776921272278,0.314523309469223,-0.8334922790527344,1.4578189849853516,0.1660529673099517,0.3242070972919464
2,Q,Zaith,-0.935183048248291,-0.8216049671173096,0.1485594809055328,0.5568940043449402,0.3973938822746277,1.5031688213348389,2.798768758773804,10.411985397338867,3.1945478916168213,10.0,1.1023274660110474,0.850061297416687,1.7503609657287598,1.471760392189026,1.1892975568771362,-0.9132034182548524,0.0220699179917573,0.3101309537887573,-0.0755510404706001,0.9894829392433168,1.8123430013656616,0.6271700263023376,20.0,0.8144239783287048,0.309478610754013,-0.7659910917282104,1.4714030027389526,0.1480945199728012,0.0637085512280464
2,Q,Zaith,-0.7924296259880066,-0.9929017424583436,0.2005524039268493,0.5133824944496155,0.5031619071960449,1.4211944341659546,2.7484946250915527,10.900476455688477,3.314825773239136,5.0,0.6631289720535278,0.8827983736991882,1.6103017330169678,1.4797297716140747,1.0882405042648315,-0.94701087474823,0.0402212664484977,0.2635616064071655,-0.0975043326616287,0.9878591895103456,1.9296857118606567,0.6578081250190735,20.0,0.7164804339408875,0.2567864954471588,-0.6862061023712158,1.3032605648040771,0.1860761642456054,0.1911090463399887
2,Q,Zaith,-0.6221203804016113,-1.2667750120162964,0.2569425702095032,0.4273146688938141,0.6857503056526184,1.2515689134597778,2.335150718688965,7.950748443603516,2.6511597633361816,12.0,1.236574649810791,0.8131394386291504,1.515852928161621,1.425403356552124,1.06345534324646,-0.9760223627090454,0.0660194903612136,0.182597815990448,-0.1071626991033554,0.9905844926834106,2.107108354568481,0.6215299963951111,20.0,0.5771214962005615,0.1898818910121917,-0.5767871141433716,0.9649800658226012,0.1885848194360733,0.2489909380674362
2,Q,Zaith,-0.7238683700561523,-1.144137620925903,0.2700634300708771,0.4767766892910003,0.7072015404701233,1.3840335607528689,2.570697784423828,6.08126974105835,2.254331111907959,6.0,0.7390087842941284,0.902828574180603,1.6540069580078125,1.5328481197357178,1.0790417194366455,-0.963944673538208,0.0729342550039291,0.2273160219192505,-0.1241174712777137,0.986626923084259,2.0780045986175537,0.6620969772338867,20.0,0.6759162545204163,0.2244581878185272,-0.6759162545204163,1.0715657472610474,0.2026224434375763,0.2975314557552337
2,Q,Zaith,-0.1760042607784271,-0.9616467356681824,0.1496529132127761,0.7288579940795898,0.5902159214019775,1.696664571762085,4.0097975730896,25.22348403930664,7.045207977294922,12.0,1.8027507066726685,1.1543259620666504,2.660926103591919,1.6618701219558716,1.601163625717163,0.3491121530532837,0.0223959945142269,0.5312340259552002,0.038079660385847,0.9633716344833374,1.4965112209320068,0.6286637783050537,20.0,0.3111357986927032,0.0844333693385124,-0.0105056837201118,1.0349299907684326,0.1980112940073013,0.3737538456916809
2,Q,Zaith,-0.1173599287867546,-1.0319182872772217,0.2132633626461029,0.9106271266937256,0.5666123032569885,2.138989925384521,4.973093032836914,28.33378791809082,7.247523307800293,12.0,1.4845895767211914,0.950673520565033,2.977600812911988,2.028254270553589,1.468060851097107,0.8541024327278137,0.0454812608659267,0.8292417526245117,0.1658695936203003,0.9862982630729676,1.3705958127975464,0.6233218908309937,20.0,0.3283172845840454,0.1107462644577026,0.2957826554775238,0.8633897304534912,0.2222717255353927,0.2829221189022064
2,Q,Zaith,-0.2071735858917236,-1.2393540143966677,0.1166777312755584,0.8999940752983093,0.5158947110176086,2.171205997467041,4.898297309875488,25.06278419494629,6.792023658752441,10.0,1.3524136543273926,1.0970847606658936,3.086160182952881,1.9937126636505127,1.547946214675903,0.457394927740097,0.0136136934161186,0.8099893927574158,0.0480307079851627,0.9868032336235046,1.5107747316360474,0.6432210803031921,20.0,0.2997148334980011,0.0844355598092079,0.1176217719912529,0.8298749923706055,0.180846631526947,0.3658799529075622
2,Q,Zaith,-0.2023954093456268,-1.189667582511902,0.0164014473557472,0.6956769227981567,0.0670863017439842,1.703274488449097,3.364492177963257,20.84499168395996,5.452760219573975,13.0,2.0190346240997314,1.1664270162582395,2.287217617034912,1.6715754270553589,1.3683005571365356,0.4516060948371887,0.0002690074616111,0.4839664101600647,0.0051528746262192,0.999557614326477,1.5601449012756348,0.6437733173370361,20.0,0.1892761439085006,0.0569314286112785,0.0573135912418365,0.6212068200111389,0.0716770738363266,0.2234898656606674
2,Q,Zaith,-0.1571806073188781,-0.8615013957023621,0.1493291407823562,0.808578372001648,0.5210688710212708,1.9986170530319207,5.3964056968688965,24.33389472961425,6.3766069412231445,11.0,1.628820300102234,1.1665058135986328,3.414312601089477,1.9797804355621336,1.7245914936065674,0.3122171461582184,0.0222991909831762,0.6537989377975464,0.0376984439790248,0.9694277048110962,1.511380910873413,0.6322104930877686,20.0,0.299812376499176,0.0788686946034431,0.0116106374189257,1.3505779504776,0.2193966060876846,0.3943235576152801
2,Q,Zaith,-0.244366854429245,-0.8715701103210449,0.0206386893987655,0.7492717504501343,0.0773986876010894,1.86761736869812,4.001793384552002,16.85388946533203,4.24739933013916,10.0,1.5216268301010132,1.2078090906143188,2.5061421394348145,1.8286391496658323,1.3704957962036133,-0.1559674888849258,0.0004259554843883,0.5614081621170044,-0.0024118793662637,0.9992597699165344,1.5750956535339355,0.6353914737701416,20.0,0.1002217307686805,0.0283260606229305,-0.0296840593218803,0.4186311662197113,0.0930905267596244,0.5801142454147339
2,Q,Zaith,-0.2943942844867706,-0.7912669777870178,0.0498689040541648,0.8230425715446472,0.1590915918350219,1.9189835786819456,3.57008957862854,23.37206268310547,5.688385486602783,10.0,1.1735830307006836,0.8973724842071533,2.354510545730591,1.853736400604248,1.2701431512832642,0.2744546830654144,0.0024869076441973,0.6773990392684937,0.0112647814676165,0.9966071844100952,1.5541118383407593,0.6494091749191284,20.0,0.1172436401247978,0.0370464734733104,0.0073857181705534,0.6670133471488953,0.1138885915279388,0.5667678117752075
2,Q,Zaith,-0.350372314453125,-0.44113689661026,0.0550098232924938,1.1980634927749634,0.3098817765712738,3.12473464012146,8.785683631896973,45.73478317260742,10.758543968200684,10.0,1.4582844972610474,1.2150137424468994,5.373723983764648,2.776421308517456,1.93548583984375,0.075193166732788,0.0030260807834565,1.4353560209274292,0.0049556251615285,0.9979037046432496,1.5673365592956543,0.6403120160102844,20.0,0.170001283288002,0.049977071583271,-0.0684881582856178,0.5604945421218872,0.1144308149814605,0.6947136521339417
2,Q,Zaith,-0.4695315361022949,-0.5835083723068237,0.0673858448863029,1.5835514068603516,0.2569309771060943,4.180546760559082,8.548426628112793,32.12745666503906,9.31709098815918,10.0,1.263277530670166,1.0531718730926514,5.91535758972168,4.167866230010986,1.419277310371399,-0.2053818702697754,0.0045408518053591,2.5076348781585693,-0.0219160821288824,0.9982658624649048,1.5795509815216064,0.6475632786750793,20.0,0.7998559474945068,0.2201662063598632,-0.7342866063117981,1.5474642515182495,0.1351114809513092,0.6929596662521362
2,Q,Zaith,0.1987092792987823,-1.322878360748291,0.0882488638162612,0.8506576418876648,0.2941828966140747,2.215156316757202,6.379855155944824,39.02999496459961,10.11188793182373,10.0,1.2947860956192017,1.0390006303787231,3.4413015842437744,1.382781982421875,2.4886796474456787,-0.5932711958885193,0.0077878623269498,0.7236183881759644,-0.0445366129279136,0.993078589439392,1.6326948404312134,0.6300064921379089,20.0,0.2577352821826935,0.0757233053445816,0.0917172357439994,1.01037335395813,0.3010666668415069,0.7369194030761719
2,Q,Zaith,0.4636120796203613,-1.174567699432373,0.1181643232703208,0.5677704215049744,0.2929475009441376,1.4502443075180054,3.21955943107605,12.55402946472168,3.7686471939086914,10.0,1.3050799369812012,1.1064761877059937,1.9488685131073,1.236853003501892,1.5756670236587524,-0.9363163709640504,0.0139628071337938,0.3223632276058197,-0.0628176629543304,0.9950444102287292,1.7642213106155396,0.6369903087615967,20.0,0.1754555404186248,0.0398897677659988,-0.0312344972044229,0.6439124345779419,0.1346103399991989,0.3402092158794403
2,Q,Zaith,0.4119656682014465,-1.2407808303833008,0.0587034747004509,0.3932619392871856,0.1656094193458557,1.1069931983947754,3.14165472984314,10.152377128601074,3.087830781936645,11.0,1.5189051628112793,1.2001384496688845,1.8126842975616453,0.7622936964035034,2.377934455871582,-0.9246201515197754,0.0034460979513823,0.1546549499034881,-0.0213456358760595,0.9968873858451844,1.7083817720413208,0.6371086835861206,20.0,0.1308954209089279,0.0310176778584718,0.0026219305582344,0.6549763083457947,0.1812150031328201,0.3968151211738586
2,Q,Zaith,0.3461396098136902,-1.0820903778076172,0.0773914381861686,0.9535930156707764,0.2379937916994094,2.473409652709961,4.519750595092773,19.6476993560791,4.585978984832764,4.0,0.66627037525177,0.8566501140594482,2.815605401992798,2.4803361892700195,1.135170817375183,-0.9490466713905334,0.0059894351288676,0.9093396067619324,-0.0700395852327346,0.9993535876274108,1.6477168798446655,0.6291729211807251,20.0,0.0979925096035003,0.0279653631150722,0.0799379497766494,0.5276549458503723,0.092668205499649,0.4700305163860321
2,Q,Zaith,0.3006787002086639,-1.1522071361541748,0.0880082324147224,0.8763595223426819,0.3097278177738189,2.4212310314178467,5.022839546203613,18.884883880615234,5.68317985534668,9.0,1.1924803256988523,1.1730083227157593,2.923090934753418,2.160188913345337,1.353164553642273,-0.905711591243744,0.0077454494312405,0.7680060267448425,-0.0698546916246414,0.998217523097992,1.6616650819778442,0.6426941752433777,20.0,0.1516323983669281,0.0514250546693801,0.1372840851545334,0.359834223985672,0.0601485781371593,0.2504966557025909
2,Q,Zaith,0.2811058759689331,-1.2082405090332031,0.0889913290739059,0.7852942943572998,0.247608944773674,1.875066876411438,5.00400972366333,20.228172302246094,5.2648797035217285,9.0,1.198212742805481,1.0954519510269165,3.1254382133483887,1.8703217506408687,1.671069860458374,-0.922472596168518,0.0079194568097591,0.6166871190071106,-0.0644664317369461,0.9981272220611572,1.6751508712768557,0.6151857972145081,20.0,0.2156238257884979,0.0664898455142974,0.130545288324356,0.8036965727806091,0.2103775739669799,0.3700343668460846
2,Q,Zaith,0.2485670894384384,-1.14821457862854,0.1308764219284057,0.7938492894172668,0.4216656386852264,2.0079920291900635,7.834116458892822,30.532337188720703,7.534016132354736,14.0,2.114499568939209,1.0476369857788086,4.811228275299072,1.6828092336654663,2.8590455055236816,-0.9027015566825868,0.0171286389231681,0.630196750164032,-0.0937872231006622,0.9951849579811096,1.7192542552947998,0.6265866756439209,20.0,0.2424621433019638,0.0726014599204063,0.0350008271634578,1.3849477767944336,0.2059621512889862,0.679230809211731
2,Q,Zaith,0.3107239305973053,-1.1550246477127075,0.1491076946258545,0.8832361102104187,0.3886397778987884,2.087407112121582,5.079631805419922,43.21371841430664,9.245277404785156,9.0,1.2606905698776243,1.0985233783721924,3.0977537631988525,1.924773931503296,1.6094117164611816,-0.9432220458984376,0.0222331061959266,0.7801060676574707,-0.1242197975516319,0.997009575366974,1.7291827201843262,0.6431819796562195,20.0,0.1504495292901992,0.0387110635638237,0.0589103251695632,0.4835558831691742,0.0873396396636962,0.2907862365245819
2,Q,Zaith,0.3733063638210296,-1.1649032831192017,0.0570779368281364,0.7385500073432922,0.1998841166496276,1.8513606786727903,3.791307210922241,19.311080932617188,4.488582611083984,7.0,0.9492608904838562,0.9822725057601928,2.3690741062164307,1.859187126159668,1.2742526531219482,-0.9196738600730896,0.0032578909303992,0.5454561114311218,-0.0387687720358371,0.9990882277488708,1.6418176889419556,0.6118379235267639,20.0,0.1312747597694397,0.0283852536231279,0.0203784126788377,0.7353672385215759,0.1079125925898552,0.3313217759132385
2,Q,Zaith,0.2410094141960144,-0.930821180343628,0.1141159459948539,0.8111891746520996,0.3069523870944977,2.0230064392089844,4.973700523376465,34.226776123046875,7.390083789825439,13.0,1.7169688940048218,1.1067211627960205,3.166934967041016,1.8523725271224976,1.709664225578308,-0.9559776782989502,0.013022449798882,0.6580278873443604,-0.0884944945573806,0.99835604429245,1.7047001123428345,0.62638258934021,20.0,0.1090954095125198,0.0284048151224851,-0.0082964859902858,0.5890052914619446,0.2191391736268997,0.4416958689689636
2,Q,Zaith,0.2495120763778686,-1.3117519617080688,0.1260524243116378,0.672846794128418,0.3425425887107849,1.7279951572418213,4.757020473480225,24.2501163482666,6.171788215637207,9.0,1.3084330558776855,1.0587108135223389,2.9813156127929688,1.3035261631011963,2.287116289138794,-0.9693875312805176,0.0158892143517732,0.4527227580547333,-0.0822176039218902,0.9980173110961914,1.750806212425232,0.6658033132553101,20.0,0.1618173569440841,0.0400991961359977,0.0636097937822341,0.7786630392074585,0.0856272354722023,0.4264695346355438
2,Q,Zaith,0.3832874596118927,-1.4051570892333984,0.1547981649637222,0.6628742218017578,0.4122160971164703,1.6439710855484009,3.2507898807525635,16.941707611083984,4.728584289550781,9.0,0.9989442825317384,0.860938549041748,2.0927889347076416,1.4945898056030271,1.4002429246902466,-0.9310016632080078,0.0239624734967947,0.4394022524356842,-0.0955316796898841,0.9933793544769288,1.7863270044326782,0.6222373247146606,20.0,0.1373960226774215,0.0365252718329429,-0.0317688845098018,0.6393179893493652,0.1825392246246338,0.3922076821327209
2,Q,Zaith,0.2759338617324829,-1.0845303535461426,0.1493465304374694,0.8391854166984558,0.3839691281318664,2.0184764862060547,5.745950698852539,33.12098693847656,7.5965256690979,10.0,1.2717331647872925,1.0979833602905271,3.4047744274139404,1.8205082416534424,1.8702328205108645,-0.9365999102592468,0.0223043859004974,0.7042321562767029,-0.117383524775505,0.9963194727897644,1.7365766763687134,0.622665286064148,20.0,0.3063647150993347,0.0685478746891021,-0.0034939087927341,1.073849081993103,0.2967719137668609,0.4036042094230652
2,Q,Zaith,0.2497404515743255,-1.334803342819214,0.2057250589132309,0.6586702466011047,0.5575045943260193,1.546287178993225,3.3826284408569336,19.6671199798584,4.250061511993408,8.0,1.0402121543884275,0.8467814922332764,2.2702643871307373,1.2744210958480835,1.7814083099365234,-0.9626120328903198,0.0423227995634079,0.4338464438915252,-0.1304387152194976,0.9939860105514526,1.8646752834320068,0.6238656044006348,20.0,0.1434254050254821,0.0453857667744159,-0.0650222674012184,0.6027825474739075,0.3188797235488891,0.4048195481300354
2,Q,Zaith,0.9338987469673156,-0.7905882596969604,0.1386183947324752,0.7493884563446045,0.3747296929359436,1.870120644569397,3.9308056831359854,17.145885467529297,4.462879657745361,13.0,1.4327256679534912,1.03107750415802,2.6114187240600586,1.770845651626587,1.4746732711791992,0.8574459552764893,0.0192150603979825,0.5615831017494202,0.0890706554055213,0.9913830757141112,1.412121295928955,0.6359099745750427,20.0,0.710685133934021,0.2569894194602966,0.6582377552986145,1.2638622522354126,0.3504828214645386,0.5330880284309387
2,Q,Zaith,1.0586094856262207,-0.4676145613193512,0.1942757815122604,0.6911193132400513,0.5205857753753662,1.864337682723999,3.667583465576172,20.136734008789062,4.633256912231445,9.0,1.3044425249099731,1.2014992237091064,2.2259085178375244,1.8789488077163696,1.184656262397766,0.983035147190094,0.0377430766820907,0.4776459038257599,0.131989911198616,0.9977062344551086,1.3005547523498535,0.6102784872055054,20.0,0.7401659488677979,0.2774274051189422,0.718031108379364,1.325743317604065,0.4132973551750183,0.2291095405817031
2,Q,Zaith,0.99874746799469,-0.6141477823257446,0.2363683581352234,0.7656602263450623,0.5634569525718689,1.8186187744140625,4.434678077697754,22.312562942504883,5.742916584014893,16.0,1.7027931213378906,0.8517521023750305,2.8290367126464844,1.8130943775177,1.5603361129760742,0.8716480135917664,0.0558699965476989,0.5862355828285217,0.1577489823102951,0.980151116847992,1.3024773597717283,0.6423733234405518,20.0,0.781431257724762,0.3143984675407409,0.717283308506012,1.5831019878387451,0.3731863796710968,0.1965611279010772
2,Q,Zaith,0.979196548461914,-0.7733758091926575,0.242980495095253,0.7472997903823853,0.6438837051391602,1.866909742355347,3.826666831970215,12.31175422668457,4.336813926696777,7.0,1.0139647722244265,0.9888346791267396,2.340733528137207,1.8305367231369016,1.278714299201965,0.958706557750702,0.0590395219624042,0.5584569573402405,0.1740812361240387,0.9929066300392152,1.2663953304290771,0.6423221230506897,20.0,0.8064648509025574,0.3117207884788513,0.7022862434387207,1.5756263732910156,0.2886841297149658,0.2014510482549667
2,Q,Zaith,0.8476877808570862,-0.7196868658065796,0.2968939542770386,0.8669522404670715,0.7265734076499939,2.153944969177246,4.885695457458496,19.162860870361328,5.215004920959473,11.0,1.2952353954315186,0.9922743439674376,3.180722713470459,2.165838718414306,1.468587040901184,0.7955177426338196,0.0881460234522819,0.7516062259674072,0.2047606110572815,0.962899684906006,1.294292688369751,0.6377183198928833,20.0,0.9606369733810424,0.3769244849681854,0.8874884843826294,1.831327199935913,0.473068356513977,0.1502434015274047
2,Q,Zaith,0.9459228515625,-0.6882452368736267,0.1815240830183029,0.6351535320281982,0.428881824016571,1.5294251441955566,3.880584239959717,16.619979858398438,4.859548568725586,10.0,1.192413568496704,1.0847108364105225,2.3034913539886475,1.5585908889770508,1.4779319763183594,0.9300299286842346,0.0329509936273098,0.4034200012683868,0.1072284206748008,0.9903905987739564,1.30842387676239,0.6153498291969299,20.0,0.729788601398468,0.2794239521026611,0.7259162068367004,1.359626531600952,0.4030253291130066,0.1617067158222198
2,Q,Zaith,0.9089441299438475,-0.6389419436454773,0.3013264536857605,0.8152605891227722,0.8074288368225098,1.972968578338623,4.123682975769043,12.481593132019045,4.494331359863281,10.0,1.2182965278625488,0.9883615970611572,2.6538403034210205,1.9667311906814573,1.3493660688400269,0.9518895149230956,0.0907976329326629,0.6646497845649719,0.2338407784700393,0.989867627620697,1.2288901805877686,0.6202887296676636,20.0,0.9088761210441588,0.3619385957717895,0.7731512784957886,1.6932374238967896,0.3086471855640411,0.1819221675395965
2,Q,Zaith,0.8250356316566467,-0.7808418869972229,0.375110000371933,0.8006898760795593,0.8614462018013,1.8542696237564087,5.066041946411133,41.976261138916016,9.721685409545898,13.0,1.6595646142959597,1.1189991235733032,3.166708469390869,2.005542278289795,1.5789785385131836,0.96613609790802,0.1407075077295303,0.6411042809486389,0.2901758849620819,0.9899756908416748,1.1411739587783811,0.6292864084243774,20.0,0.8740438222885132,0.3713417053222656,0.8432762622833252,1.7184646129608154,0.3237478137016296,0.0963781401515007
2,Q,Zaith,0.8789064288139343,-0.743190586566925,0.2973159253597259,0.698084831237793,0.7208163142204285,1.6687376499176023,3.3881754875183105,13.728612899780272,3.8966338634490967,9.0,1.289156794548035,1.0033998489379885,2.1633894443511963,1.7474675178527832,1.2380141019821167,0.981326162815094,0.0883967503905296,0.4873224794864654,0.2036759555339813,0.995144546031952,1.1728720664978027,0.6228911280632019,20.0,0.7982621788978577,0.3378854393959045,0.7644003033638,1.5669180154800415,0.252873957157135,0.1191687285900116
2,Q,Zaith,0.4365692138671875,-0.4225818812847137,0.0354775488376617,1.3630151748657229,0.1451984941959381,3.069308996200561,5.524837017059326,36.2589225769043,10.24774932861328,11.0,1.4007885456085205,1.0378198623657229,3.375695943832397,2.9428141117095947,1.147097945213318,0.0513249859213829,0.0012586563825607,1.8578104972839355,0.0024818934034556,0.9993243217468262,1.5694595575332642,0.6546902060508728,20.0,0.2246976941823959,0.0694464072585105,0.0933490544557571,0.6642048358917236,0.2002030313014984,0.5988708138465881
2,Q,Zaith,0.541266918182373,-0.08795963227748871,0.05680239200592041,1.8546483516693115,0.1941210925579071,4.64211893081665,8.394183158874512,46.11323165893555,10.744063377380371,8.0,0.9159255027770996,0.8545404672622681,5.009114742279053,4.54541540145874,1.1020146608352661,-0.27982649207115173,0.0032265118788927794,3.439720630645752,-0.029479291290044785,0.9991355538368225,1.579373836517334,0.6149172186851501,20.0,2.4788424968719482,0.6683750152587891,2.4291882514953613,4.2657880783081055,0.12575888633728027,1.0371649265289307
